/*
 Navicat Premium Data Transfer

 Source Server         : 120.26.102.228-阿里云
 Source Server Type    : MySQL
 Source Server Version : 50627
 Source Host           : 120.26.102.228
 Source Database       : dabing-fordmall

 Target Server Type    : MySQL
 Target Server Version : 50627
 File Encoding         : utf-8

 Date: 04/30/2016 20:36:32 PM
*/

SET NAMES utf8;
SET FOREIGN_KEY_CHECKS = 0;

-- ----------------------------
--  Table structure for `batch_job_execution`
-- ----------------------------
DROP TABLE IF EXISTS `batch_job_execution`;
CREATE TABLE `batch_job_execution` (
  `JOB_EXECUTION_ID` bigint(20) NOT NULL,
  `VERSION` bigint(20) DEFAULT NULL,
  `JOB_INSTANCE_ID` bigint(20) NOT NULL,
  `CREATE_TIME` datetime NOT NULL,
  `START_TIME` datetime DEFAULT NULL,
  `END_TIME` datetime DEFAULT NULL,
  `STATUS` varchar(10) COLLATE utf8_bin DEFAULT NULL,
  `EXIT_CODE` varchar(100) COLLATE utf8_bin DEFAULT NULL,
  `EXIT_MESSAGE` varchar(2500) COLLATE utf8_bin DEFAULT NULL,
  `LAST_UPDATED` datetime DEFAULT NULL,
  PRIMARY KEY (`JOB_EXECUTION_ID`),
  KEY `JOB_INST_EXEC_FK` (`JOB_INSTANCE_ID`),
  CONSTRAINT `JOB_INST_EXEC_FK` FOREIGN KEY (`JOB_INSTANCE_ID`) REFERENCES `batch_job_instance` (`JOB_INSTANCE_ID`)
) ENGINE=InnoDB DEFAULT CHARSET=utf8 COLLATE=utf8_bin;

-- ----------------------------
--  Records of `batch_job_execution`
-- ----------------------------
BEGIN;
INSERT INTO `batch_job_execution` VALUES ('1', '2', '1', '2016-03-23 17:26:46', '2016-03-23 17:26:48', '2016-03-23 17:27:16', 'FAILED', 'FAILED', 'java.lang.ClassCastException: java.lang.Long cannot be cast to java.lang.String\n	at io.dabing.chuangdao.batch.jobs.CommonJob$2.execute(CommonJob.java:50)\n	at org.springframework.batch.core.step.tasklet.TaskletStep$ChunkTransactionCallback.doInTransaction(TaskletStep.java:395)\n	at org.springframework.transaction.support.TransactionTemplate.execute(TransactionTemplate.java:131)\n	at org.springframework.batch.core.step.tasklet.TaskletStep$2.doInChunkContext(TaskletStep.java:267)\n	at org.springframework.batch.core.scope.context.StepContextRepeatCallback.doInIteration(StepContextRepeatCallback.java:77)\n	at org.springframework.batch.repeat.support.RepeatTemplate.getNextResult(RepeatTemplate.java:368)\n	at org.springframework.batch.repeat.support.RepeatTemplate.executeInternal(RepeatTemplate.java:215)\n	at org.springframework.batch.repeat.support.RepeatTemplate.iterate(RepeatTemplate.java:144)\n	at org.springframework.batch.core.step.tasklet.TaskletStep.doExecute(TaskletStep.java:253)\n	at org.springframework.batch.core.step.AbstractStep.execute(AbstractStep.java:195)\n	at org.springframework.batch.core.job.SimpleStepHandler.handleStep(SimpleStepHandler.java:141)\n	at org.springframework.batch.core.job.AbstractJob.handleStep(AbstractJob.java:380)\n	at org.springframework.batch.core.job.SimpleJob.doExecute(SimpleJob.java:124)\n	at org.springframework.batch.core.job.AbstractJob.execute(AbstractJob.java:301)\n	at org.springframework.batch.core.launch.support.SimpleJobLauncher$1.run(SimpleJobLauncher.java:134)\n	at java.util.concurrent.Executors$RunnableAdapter.call(Executors.java:471)\n	at java.util.concurrent.FutureTask.run(FutureTask.java:262)\n	at java.util.concurrent.ThreadPoolExecutor.runWorker(ThreadPoolExecutor.java:1145)\n	at java.util.concurrent.ThreadPoolExecutor$Worker.run(ThreadPoolExecutor.java:615)\n	at java.lang.Thread.run(Thread.java:745)\n', '2016-03-23 17:27:16'), ('2', '2', '2', '2016-03-23 17:26:59', '2016-03-23 17:27:00', '2016-03-23 17:27:15', 'FAILED', 'FAILED', 'org.springframework.dao.DuplicateKeyException: PreparedStatementCallback; SQL [INSERT into BATCH_STEP_EXECUTION(STEP_EXECUTION_ID, VERSION, STEP_NAME, JOB_EXECUTION_ID, START_TIME, END_TIME, STATUS, COMMIT_COUNT, READ_COUNT, FILTER_COUNT, WRITE_COUNT, EXIT_CODE, EXIT_MESSAGE, READ_SKIP_COUNT, WRITE_SKIP_COUNT, PROCESS_SKIP_COUNT, ROLLBACK_COUNT, LAST_UPDATED) values(?, ?, ?, ?, ?, ?, ?, ?, ?, ?, ?, ?, ?, ?, ?, ?, ?, ?)]; Duplicate entry \'0\' for key \'PRIMARY\'; nested exception is com.mysql.jdbc.exceptions.jdbc4.MySQLIntegrityConstraintViolationException: Duplicate entry \'0\' for key \'PRIMARY\'\n	at org.springframework.jdbc.support.SQLErrorCodeSQLExceptionTranslator.doTranslate(SQLErrorCodeSQLExceptionTranslator.java:245)\n	at org.springframework.jdbc.support.AbstractFallbackSQLExceptionTranslator.translate(AbstractFallbackSQLExceptionTranslator.java:72)\n	at org.springframework.jdbc.core.JdbcTemplate.execute(JdbcTemplate.java:605)\n	at org.springframework.jdbc.core.JdbcTemplate.update(JdbcTemplate.java:818)\n	at org.springframework.jdbc.core.JdbcTemplate.update(JdbcTemplate.java:874)\n	at org.springframework.jdbc.core.JdbcTemplate.update(JdbcTemplate.java:878)\n	at org.springframework.batch.core.repository.dao.JdbcStepExecutionDao.saveStepExecution(JdbcStepExecutionDao.java:126)\n	at org.springframework.batch.core.repository.support.SimpleJobRepository.add(SimpleJobRepository.java:168)\n	at sun.reflect.NativeMethodAccessorImpl.invoke0(Native Method)\n	at sun.reflect.NativeMethodAccessorImpl.invoke(NativeMethodAccessorImpl.java:57)\n	at sun.reflect.DelegatingMethodAccessorImpl.invoke(DelegatingMethodAccessorImpl.java:43)\n	at java.lang.reflect.Method.invoke(Method.java:606)\n	at org.springframework.aop.support.AopUtils.invokeJoinpointUsingReflection(AopUtils.java:317)\n	at org.springframework.aop.framework.ReflectiveMethodInvocation.invokeJoinpoint(ReflectiveMethodInvocation.java:183)\n	at org.springframework.aop.framework.ReflectiveMethodInvocation.proceed(ReflectiveMethodInvocation.java:150)\n	at org.springframework.transaction.interceptor.TransactionInterceptor$1.proceedWithInvocation(TransactionInterceptor.java:96)\n	at org.springframework.transaction.interceptor.TransactionAspectSupport.invokeWithinTransaction(TransactionAspectSupport.java:260)\n	at org.springframework.transaction.interceptor.TransactionInterceptor.invoke(TransactionInterceptor.java:94)\n	at org.springframework.aop.framework.ReflectiveMethodInvocation.proceed(ReflectiveMethodInvocation.java:172)\n	at org.spr', '2016-03-23 17:27:16'), ('3', '2', '3', '2016-03-23 17:27:02', '2016-03-23 17:27:15', '2016-03-23 17:27:16', 'FAILED', 'FAILED', 'org.springframework.dao.DuplicateKeyException: PreparedStatementCallback; SQL [INSERT into BATCH_STEP_EXECUTION(STEP_EXECUTION_ID, VERSION, STEP_NAME, JOB_EXECUTION_ID, START_TIME, END_TIME, STATUS, COMMIT_COUNT, READ_COUNT, FILTER_COUNT, WRITE_COUNT, EXIT_CODE, EXIT_MESSAGE, READ_SKIP_COUNT, WRITE_SKIP_COUNT, PROCESS_SKIP_COUNT, ROLLBACK_COUNT, LAST_UPDATED) values(?, ?, ?, ?, ?, ?, ?, ?, ?, ?, ?, ?, ?, ?, ?, ?, ?, ?)]; Duplicate entry \'0\' for key \'PRIMARY\'; nested exception is com.mysql.jdbc.exceptions.jdbc4.MySQLIntegrityConstraintViolationException: Duplicate entry \'0\' for key \'PRIMARY\'\n	at org.springframework.jdbc.support.SQLErrorCodeSQLExceptionTranslator.doTranslate(SQLErrorCodeSQLExceptionTranslator.java:245)\n	at org.springframework.jdbc.support.AbstractFallbackSQLExceptionTranslator.translate(AbstractFallbackSQLExceptionTranslator.java:72)\n	at org.springframework.jdbc.core.JdbcTemplate.execute(JdbcTemplate.java:605)\n	at org.springframework.jdbc.core.JdbcTemplate.update(JdbcTemplate.java:818)\n	at org.springframework.jdbc.core.JdbcTemplate.update(JdbcTemplate.java:874)\n	at org.springframework.jdbc.core.JdbcTemplate.update(JdbcTemplate.java:878)\n	at org.springframework.batch.core.repository.dao.JdbcStepExecutionDao.saveStepExecution(JdbcStepExecutionDao.java:126)\n	at org.springframework.batch.core.repository.support.SimpleJobRepository.add(SimpleJobRepository.java:168)\n	at sun.reflect.NativeMethodAccessorImpl.invoke0(Native Method)\n	at sun.reflect.NativeMethodAccessorImpl.invoke(NativeMethodAccessorImpl.java:57)\n	at sun.reflect.DelegatingMethodAccessorImpl.invoke(DelegatingMethodAccessorImpl.java:43)\n	at java.lang.reflect.Method.invoke(Method.java:606)\n	at org.springframework.aop.support.AopUtils.invokeJoinpointUsingReflection(AopUtils.java:317)\n	at org.springframework.aop.framework.ReflectiveMethodInvocation.invokeJoinpoint(ReflectiveMethodInvocation.java:183)\n	at org.springframework.aop.framework.ReflectiveMethodInvocation.proceed(ReflectiveMethodInvocation.java:150)\n	at org.springframework.transaction.interceptor.TransactionInterceptor$1.proceedWithInvocation(TransactionInterceptor.java:96)\n	at org.springframework.transaction.interceptor.TransactionAspectSupport.invokeWithinTransaction(TransactionAspectSupport.java:260)\n	at org.springframework.transaction.interceptor.TransactionInterceptor.invoke(TransactionInterceptor.java:94)\n	at org.springframework.aop.framework.ReflectiveMethodInvocation.proceed(ReflectiveMethodInvocation.java:172)\n	at org.spr', '2016-03-23 17:27:17'), ('4', '2', '4', '2016-03-23 17:27:16', '2016-03-23 17:27:16', '2016-03-23 17:27:30', 'FAILED', 'FAILED', 'java.lang.ClassCastException: java.lang.Long cannot be cast to java.lang.String\n	at io.dabing.chuangdao.batch.jobs.CommonJob$2.execute(CommonJob.java:50)\n	at org.springframework.batch.core.step.tasklet.TaskletStep$ChunkTransactionCallback.doInTransaction(TaskletStep.java:395)\n	at org.springframework.transaction.support.TransactionTemplate.execute(TransactionTemplate.java:131)\n	at org.springframework.batch.core.step.tasklet.TaskletStep$2.doInChunkContext(TaskletStep.java:267)\n	at org.springframework.batch.core.scope.context.StepContextRepeatCallback.doInIteration(StepContextRepeatCallback.java:77)\n	at org.springframework.batch.repeat.support.RepeatTemplate.getNextResult(RepeatTemplate.java:368)\n	at org.springframework.batch.repeat.support.RepeatTemplate.executeInternal(RepeatTemplate.java:215)\n	at org.springframework.batch.repeat.support.RepeatTemplate.iterate(RepeatTemplate.java:144)\n	at org.springframework.batch.core.step.tasklet.TaskletStep.doExecute(TaskletStep.java:253)\n	at org.springframework.batch.core.step.AbstractStep.execute(AbstractStep.java:195)\n	at org.springframework.batch.core.job.SimpleStepHandler.handleStep(SimpleStepHandler.java:141)\n	at org.springframework.batch.core.job.AbstractJob.handleStep(AbstractJob.java:380)\n	at org.springframework.batch.core.job.SimpleJob.doExecute(SimpleJob.java:124)\n	at org.springframework.batch.core.job.AbstractJob.execute(AbstractJob.java:301)\n	at org.springframework.batch.core.launch.support.SimpleJobLauncher$1.run(SimpleJobLauncher.java:134)\n	at java.util.concurrent.Executors$RunnableAdapter.call(Executors.java:471)\n	at java.util.concurrent.FutureTask.run(FutureTask.java:262)\n	at java.util.concurrent.ThreadPoolExecutor.runWorker(ThreadPoolExecutor.java:1145)\n	at java.util.concurrent.ThreadPoolExecutor$Worker.run(ThreadPoolExecutor.java:615)\n	at java.lang.Thread.run(Thread.java:745)\n', '2016-03-23 17:27:30');
COMMIT;

-- ----------------------------
--  Table structure for `batch_job_execution_context`
-- ----------------------------
DROP TABLE IF EXISTS `batch_job_execution_context`;
CREATE TABLE `batch_job_execution_context` (
  `JOB_EXECUTION_ID` bigint(20) NOT NULL,
  `SHORT_CONTEXT` varchar(2500) COLLATE utf8_bin NOT NULL,
  `SERIALIZED_CONTEXT` text COLLATE utf8_bin,
  PRIMARY KEY (`JOB_EXECUTION_ID`),
  CONSTRAINT `JOB_EXEC_CTX_FK` FOREIGN KEY (`JOB_EXECUTION_ID`) REFERENCES `batch_job_execution` (`JOB_EXECUTION_ID`)
) ENGINE=InnoDB DEFAULT CHARSET=utf8 COLLATE=utf8_bin;

-- ----------------------------
--  Records of `batch_job_execution_context`
-- ----------------------------
BEGIN;
INSERT INTO `batch_job_execution_context` VALUES ('1', '{\"map\":\"\"}', null), ('2', '{\"map\":\"\"}', null), ('3', '{\"map\":\"\"}', null), ('4', '{\"map\":\"\"}', null);
COMMIT;

-- ----------------------------
--  Table structure for `batch_job_execution_params`
-- ----------------------------
DROP TABLE IF EXISTS `batch_job_execution_params`;
CREATE TABLE `batch_job_execution_params` (
  `JOB_EXECUTION_ID` bigint(20) NOT NULL,
  `TYPE_CD` varchar(6) COLLATE utf8_bin NOT NULL,
  `KEY_NAME` varchar(100) COLLATE utf8_bin NOT NULL,
  `STRING_VAL` varchar(250) COLLATE utf8_bin DEFAULT NULL,
  `DATE_VAL` datetime DEFAULT NULL,
  `LONG_VAL` bigint(20) DEFAULT NULL,
  `DOUBLE_VAL` double DEFAULT NULL,
  `IDENTIFYING` char(1) COLLATE utf8_bin NOT NULL,
  KEY `JOB_EXEC_PARAMS_FK` (`JOB_EXECUTION_ID`),
  CONSTRAINT `JOB_EXEC_PARAMS_FK` FOREIGN KEY (`JOB_EXECUTION_ID`) REFERENCES `batch_job_execution` (`JOB_EXECUTION_ID`)
) ENGINE=InnoDB DEFAULT CHARSET=utf8 COLLATE=utf8_bin;

-- ----------------------------
--  Records of `batch_job_execution_params`
-- ----------------------------
BEGIN;
INSERT INTO `batch_job_execution_params` VALUES ('1', 'LONG', 'taskId', '', '1970-01-01 08:00:00', '13', '0', 'Y'), ('1', 'STRING', 'taskType', '考核结算', '1970-01-01 08:00:00', '0', '0', 'Y'), ('1', 'LONG', 'orgId', '', '1970-01-01 08:00:00', '14', '0', 'Y'), ('1', 'STRING', 'year', '2015', '1970-01-01 08:00:00', '0', '0', 'Y'), ('1', 'STRING', 'month', '2', '1970-01-01 08:00:00', '0', '0', 'Y'), ('2', 'LONG', 'taskId', '', '1970-01-01 08:00:00', '12', '0', 'Y'), ('2', 'STRING', 'taskType', '薪酬发放', '1970-01-01 08:00:00', '0', '0', 'Y'), ('2', 'LONG', 'orgId', '', '1970-01-01 08:00:00', '14', '0', 'Y'), ('2', 'STRING', 'year', '2015', '1970-01-01 08:00:00', '0', '0', 'Y'), ('2', 'STRING', 'month', '2', '1970-01-01 08:00:00', '0', '0', 'Y'), ('3', 'LONG', 'taskId', '', '1970-01-01 08:00:00', '11', '0', 'Y'), ('3', 'STRING', 'taskType', '薪酬结算', '1970-01-01 08:00:00', '0', '0', 'Y'), ('3', 'LONG', 'orgId', '', '1970-01-01 08:00:00', '20', '0', 'Y'), ('3', 'STRING', 'year', '2015', '1970-01-01 08:00:00', '0', '0', 'Y'), ('3', 'STRING', 'month', '2', '1970-01-01 08:00:00', '0', '0', 'Y'), ('4', 'LONG', 'taskId', '', '1970-01-01 08:00:00', '10', '0', 'Y'), ('4', 'STRING', 'taskType', '薪酬结算', '1970-01-01 08:00:00', '0', '0', 'Y'), ('4', 'LONG', 'orgId', '', '1970-01-01 08:00:00', '20', '0', 'Y'), ('4', 'STRING', 'year', '2015', '1970-01-01 08:00:00', '0', '0', 'Y'), ('4', 'STRING', 'month', '1', '1970-01-01 08:00:00', '0', '0', 'Y');
COMMIT;

-- ----------------------------
--  Table structure for `batch_job_execution_seq`
-- ----------------------------
DROP TABLE IF EXISTS `batch_job_execution_seq`;
CREATE TABLE `batch_job_execution_seq` (
  `ID` bigint(20) NOT NULL,
  `UNIQUE_KEY` char(1) COLLATE utf8_bin NOT NULL,
  UNIQUE KEY `UNIQUE_KEY_UN` (`UNIQUE_KEY`)
) ENGINE=MyISAM DEFAULT CHARSET=utf8 COLLATE=utf8_bin;

-- ----------------------------
--  Table structure for `batch_job_instance`
-- ----------------------------
DROP TABLE IF EXISTS `batch_job_instance`;
CREATE TABLE `batch_job_instance` (
  `JOB_INSTANCE_ID` bigint(20) NOT NULL,
  `VERSION` bigint(20) DEFAULT NULL,
  `JOB_NAME` varchar(100) COLLATE utf8_bin NOT NULL,
  `JOB_KEY` varchar(32) COLLATE utf8_bin NOT NULL,
  PRIMARY KEY (`JOB_INSTANCE_ID`),
  UNIQUE KEY `JOB_INST_UN` (`JOB_NAME`,`JOB_KEY`)
) ENGINE=InnoDB DEFAULT CHARSET=utf8 COLLATE=utf8_bin;

-- ----------------------------
--  Records of `batch_job_instance`
-- ----------------------------
BEGIN;
INSERT INTO `batch_job_instance` VALUES ('1', '0', 'commonBatchJob', '72af3bb7e8ae4a8653393725f1072ab1'), ('2', '0', 'commonBatchJob', 'a703076291028e3b7dc91aa02bc877ae'), ('3', '0', 'commonBatchJob', 'dea6662f7a53a6f3d347a77e6786e7b0'), ('4', '0', 'commonBatchJob', 'cfe6aef3e72c69c5997e69d8b0b00060');
COMMIT;

-- ----------------------------
--  Table structure for `batch_job_seq`
-- ----------------------------
DROP TABLE IF EXISTS `batch_job_seq`;
CREATE TABLE `batch_job_seq` (
  `ID` bigint(20) NOT NULL,
  `UNIQUE_KEY` char(1) COLLATE utf8_bin NOT NULL,
  UNIQUE KEY `UNIQUE_KEY_UN` (`UNIQUE_KEY`)
) ENGINE=MyISAM DEFAULT CHARSET=utf8 COLLATE=utf8_bin;

-- ----------------------------
--  Records of `batch_job_seq`
-- ----------------------------
BEGIN;
INSERT INTO `batch_job_seq` VALUES ('5', '0');
COMMIT;

-- ----------------------------
--  Table structure for `batch_step_execution`
-- ----------------------------
DROP TABLE IF EXISTS `batch_step_execution`;
CREATE TABLE `batch_step_execution` (
  `STEP_EXECUTION_ID` bigint(20) NOT NULL,
  `VERSION` bigint(20) NOT NULL,
  `STEP_NAME` varchar(100) COLLATE utf8_bin NOT NULL,
  `JOB_EXECUTION_ID` bigint(20) NOT NULL,
  `START_TIME` datetime NOT NULL,
  `END_TIME` datetime DEFAULT NULL,
  `STATUS` varchar(10) COLLATE utf8_bin DEFAULT NULL,
  `COMMIT_COUNT` bigint(20) DEFAULT NULL,
  `READ_COUNT` bigint(20) DEFAULT NULL,
  `FILTER_COUNT` bigint(20) DEFAULT NULL,
  `WRITE_COUNT` bigint(20) DEFAULT NULL,
  `READ_SKIP_COUNT` bigint(20) DEFAULT NULL,
  `WRITE_SKIP_COUNT` bigint(20) DEFAULT NULL,
  `PROCESS_SKIP_COUNT` bigint(20) DEFAULT NULL,
  `ROLLBACK_COUNT` bigint(20) DEFAULT NULL,
  `EXIT_CODE` varchar(100) COLLATE utf8_bin DEFAULT NULL,
  `EXIT_MESSAGE` varchar(2500) COLLATE utf8_bin DEFAULT NULL,
  `LAST_UPDATED` datetime DEFAULT NULL,
  PRIMARY KEY (`STEP_EXECUTION_ID`),
  KEY `JOB_EXEC_STEP_FK` (`JOB_EXECUTION_ID`),
  CONSTRAINT `JOB_EXEC_STEP_FK` FOREIGN KEY (`JOB_EXECUTION_ID`) REFERENCES `batch_job_execution` (`JOB_EXECUTION_ID`)
) ENGINE=InnoDB DEFAULT CHARSET=utf8 COLLATE=utf8_bin;

-- ----------------------------
--  Records of `batch_step_execution`
-- ----------------------------
BEGIN;
INSERT INTO `batch_step_execution` VALUES ('0', '2', 'step1', '1', '2016-03-23 17:27:00', '2016-03-23 17:27:15', 'FAILED', '0', '0', '0', '0', '0', '0', '0', '1', 'FAILED', 'java.lang.ClassCastException: java.lang.Long cannot be cast to java.lang.String\n	at io.dabing.chuangdao.batch.jobs.CommonJob$2.execute(CommonJob.java:50)\n	at org.springframework.batch.core.step.tasklet.TaskletStep$ChunkTransactionCallback.doInTransaction(TaskletStep.java:395)\n	at org.springframework.transaction.support.TransactionTemplate.execute(TransactionTemplate.java:131)\n	at org.springframework.batch.core.step.tasklet.TaskletStep$2.doInChunkContext(TaskletStep.java:267)\n	at org.springframework.batch.core.scope.context.StepContextRepeatCallback.doInIteration(StepContextRepeatCallback.java:77)\n	at org.springframework.batch.repeat.support.RepeatTemplate.getNextResult(RepeatTemplate.java:368)\n	at org.springframework.batch.repeat.support.RepeatTemplate.executeInternal(RepeatTemplate.java:215)\n	at org.springframework.batch.repeat.support.RepeatTemplate.iterate(RepeatTemplate.java:144)\n	at org.springframework.batch.core.step.tasklet.TaskletStep.doExecute(TaskletStep.java:253)\n	at org.springframework.batch.core.step.AbstractStep.execute(AbstractStep.java:195)\n	at org.springframework.batch.core.job.SimpleStepHandler.handleStep(SimpleStepHandler.java:141)\n	at org.springframework.batch.core.job.AbstractJob.handleStep(AbstractJob.java:380)\n	at org.springframework.batch.core.job.SimpleJob.doExecute(SimpleJob.java:124)\n	at org.springframework.batch.core.job.AbstractJob.execute(AbstractJob.java:301)\n	at org.springframework.batch.core.launch.support.SimpleJobLauncher$1.run(SimpleJobLauncher.java:134)\n	at java.util.concurrent.Executors$RunnableAdapter.call(Executors.java:471)\n	at java.util.concurrent.FutureTask.run(FutureTask.java:262)\n	at java.util.concurrent.ThreadPoolExecutor.runWorker(ThreadPoolExecutor.java:1145)\n	at java.util.concurrent.ThreadPoolExecutor$Worker.run(ThreadPoolExecutor.java:615)\n	at java.lang.Thread.run(Thread.java:745)\n', '2016-03-23 17:27:15'), ('4', '2', 'step1', '4', '2016-03-23 17:27:18', '2016-03-23 17:27:30', 'FAILED', '0', '0', '0', '0', '0', '0', '0', '1', 'FAILED', 'java.lang.ClassCastException: java.lang.Long cannot be cast to java.lang.String\n	at io.dabing.chuangdao.batch.jobs.CommonJob$2.execute(CommonJob.java:50)\n	at org.springframework.batch.core.step.tasklet.TaskletStep$ChunkTransactionCallback.doInTransaction(TaskletStep.java:395)\n	at org.springframework.transaction.support.TransactionTemplate.execute(TransactionTemplate.java:131)\n	at org.springframework.batch.core.step.tasklet.TaskletStep$2.doInChunkContext(TaskletStep.java:267)\n	at org.springframework.batch.core.scope.context.StepContextRepeatCallback.doInIteration(StepContextRepeatCallback.java:77)\n	at org.springframework.batch.repeat.support.RepeatTemplate.getNextResult(RepeatTemplate.java:368)\n	at org.springframework.batch.repeat.support.RepeatTemplate.executeInternal(RepeatTemplate.java:215)\n	at org.springframework.batch.repeat.support.RepeatTemplate.iterate(RepeatTemplate.java:144)\n	at org.springframework.batch.core.step.tasklet.TaskletStep.doExecute(TaskletStep.java:253)\n	at org.springframework.batch.core.step.AbstractStep.execute(AbstractStep.java:195)\n	at org.springframework.batch.core.job.SimpleStepHandler.handleStep(SimpleStepHandler.java:141)\n	at org.springframework.batch.core.job.AbstractJob.handleStep(AbstractJob.java:380)\n	at org.springframework.batch.core.job.SimpleJob.doExecute(SimpleJob.java:124)\n	at org.springframework.batch.core.job.AbstractJob.execute(AbstractJob.java:301)\n	at org.springframework.batch.core.launch.support.SimpleJobLauncher$1.run(SimpleJobLauncher.java:134)\n	at java.util.concurrent.Executors$RunnableAdapter.call(Executors.java:471)\n	at java.util.concurrent.FutureTask.run(FutureTask.java:262)\n	at java.util.concurrent.ThreadPoolExecutor.runWorker(ThreadPoolExecutor.java:1145)\n	at java.util.concurrent.ThreadPoolExecutor$Worker.run(ThreadPoolExecutor.java:615)\n	at java.lang.Thread.run(Thread.java:745)\n', '2016-03-23 17:27:30');
COMMIT;

-- ----------------------------
--  Table structure for `batch_step_execution_context`
-- ----------------------------
DROP TABLE IF EXISTS `batch_step_execution_context`;
CREATE TABLE `batch_step_execution_context` (
  `STEP_EXECUTION_ID` bigint(20) NOT NULL,
  `SHORT_CONTEXT` varchar(2500) COLLATE utf8_bin NOT NULL,
  `SERIALIZED_CONTEXT` text COLLATE utf8_bin,
  PRIMARY KEY (`STEP_EXECUTION_ID`),
  CONSTRAINT `STEP_EXEC_CTX_FK` FOREIGN KEY (`STEP_EXECUTION_ID`) REFERENCES `batch_step_execution` (`STEP_EXECUTION_ID`)
) ENGINE=InnoDB DEFAULT CHARSET=utf8 COLLATE=utf8_bin;

-- ----------------------------
--  Records of `batch_step_execution_context`
-- ----------------------------
BEGIN;
INSERT INTO `batch_step_execution_context` VALUES ('0', '{\"map\":\"\"}', null), ('4', '{\"map\":\"\"}', null);
COMMIT;

-- ----------------------------
--  Table structure for `batch_step_execution_seq`
-- ----------------------------
DROP TABLE IF EXISTS `batch_step_execution_seq`;
CREATE TABLE `batch_step_execution_seq` (
  `ID` bigint(20) NOT NULL,
  `UNIQUE_KEY` char(1) COLLATE utf8_bin NOT NULL,
  UNIQUE KEY `UNIQUE_KEY_UN` (`UNIQUE_KEY`)
) ENGINE=MyISAM DEFAULT CHARSET=utf8 COLLATE=utf8_bin;

-- ----------------------------
--  Table structure for `tbl_im_code_list`
-- ----------------------------
DROP TABLE IF EXISTS `tbl_im_code_list`;
CREATE TABLE `tbl_im_code_list` (
  `ID` int(11) NOT NULL AUTO_INCREMENT,
  `CODE` varchar(40) DEFAULT NULL COMMENT '字典小类编码',
  `TYPE_CODE` varchar(40) DEFAULT NULL,
  `NAME_CN` varchar(40) DEFAULT NULL COMMENT '编码中文名称',
  `NAME_EN` varchar(40) DEFAULT NULL COMMENT '英文名称',
  `SORT_NO` int(2) DEFAULT NULL COMMENT '排序',
  `SELECTED` int(1) DEFAULT NULL COMMENT '默认选中 1是，0 否',
  `TENANT_ID` int(11) DEFAULT NULL COMMENT '租户主键',
  `LAST_MODIFIED` datetime DEFAULT NULL COMMENT '最后修改时间',
  `FIRST_INSERT` datetime DEFAULT NULL COMMENT '首次插入时间',
  `DELETED` int(1) DEFAULT '0' COMMENT '是否逻辑删除',
  `DELETE_TIME` datetime DEFAULT NULL,
  PRIMARY KEY (`ID`)
) ENGINE=InnoDB AUTO_INCREMENT=115 DEFAULT CHARSET=utf8;

-- ----------------------------
--  Records of `tbl_im_code_list`
-- ----------------------------
BEGIN;
INSERT INTO `tbl_im_code_list` VALUES ('1', 'gender', 'global', '性别', 'gender', '1', null, null, null, '2016-01-27 17:13:11', '0', null), ('2', 'flowType', 'global', '审批类型', 'flowType', '2', null, null, null, '2016-01-27 17:14:52', '0', null), ('3', 'flowStatus', 'global', '审核状态', 'flowStatus', '3', null, null, null, '2016-01-27 17:14:54', '0', null), ('28', '男', 'gender', '男', 'male', '1', null, null, null, '2016-01-21 16:06:35', '0', null), ('29', 'employeeAudit', 'flowType', '员工审核', 'employeeAudit', '1', null, null, '2016-04-03 18:38:31', '2016-01-21 16:29:53', '0', null), ('30', 'departmentAudit', 'flowType', '部门审核', 'departmentAudit', '2', null, null, null, '2016-01-21 16:30:36', '0', null), ('31', '1', 'flowStatus', '审核中', 'AUDITING', '1', null, null, null, '2016-01-23 20:27:38', '0', null), ('32', '2', 'flowStatus', '审核通过', 'AUDITED', '2', null, null, null, '2016-01-23 20:28:11', '0', null), ('33', '3', 'flowStatus', '不通过', 'REFUSE', '3', null, null, null, '2016-01-23 20:30:17', '0', null), ('34', '0', 'flowStatus', '待审核', 'PENDING', '0', null, null, null, '2016-01-23 20:30:17', '0', null), ('35', 'divisionAduit', 'flowType', '机构迁移审核', 'divisionAduit', '0', null, null, null, '2016-02-19 16:13:57', '0', null), ('36', 'agreementAudit', 'flowType', '合同审核', 'agreementAudit', '3', null, null, '2016-04-15 17:46:57', '2016-03-31 11:55:25', '0', null), ('37', 'agreementPaidConfirm', 'flowType', '合同到账确认', 'AgreementPaidConfirm', '4', null, null, null, '2016-03-31 14:21:10', '0', null), ('39', 'departmentMigrationAudit', 'flowType', '部门迁移审核', 'departmentMigrationAudit', '6', null, null, null, '2016-04-04 19:29:10', '0', null), ('40', 'paymentAdjustment', 'flowType', '奖罚审核', 'paymentAdjustment', '0', null, null, null, '2016-04-08 14:18:15', '0', null), ('41', '营销总监', 'station', '营销总监', '营销总监', '6', null, null, null, '2016-04-27 10:42:13', '0', null), ('42', '营销副总监', 'station', '营销副总监', '营销副总监', '5', null, null, null, '2016-04-27 10:42:40', '0', null), ('43', '三星营业部经理', 'station', '三星营业部经理', '三星营业部经理', '4', null, null, null, '2016-04-27 10:43:09', '0', null), ('44', '二星营业部经理', 'station', '二星营业部经理', '二星营业部经理', '3', null, null, null, '2016-04-27 10:43:22', '0', null), ('45', '一星营业部经理', 'station', '一星营业部经理', '一星营业部经理', '2', null, null, null, '2016-04-27 10:43:39', '0', null), ('46', '私人银行家', 'staffingLevel', '私人银行家', '私人银行家', '14', null, null, null, '2016-04-27 10:44:17', '0', null), ('47', '首席理财师', 'staffingLevel', '首席理财师', '首席理财师', '13', null, null, null, '2016-04-27 10:44:31', '0', null), ('48', '资深理财师一级', 'staffingLevel', '资深理财师一级', '资深理财师一级', '11', null, null, '2016-04-27 14:48:04', '2016-04-27 10:44:45', '0', null), ('49', '高级理财师一级', 'staffingLevel', '高级理财师一级', '高级理财师一级', '9', null, null, '2016-04-27 14:47:49', '2016-04-27 10:44:57', '0', null), ('50', '理财师一级', 'staffingLevel', '理财师一级', '理财师一级', '7', null, null, '2016-04-27 14:47:04', '2016-04-27 10:45:20', '0', null), ('51', '资深理财经理一级', 'staffingLevel', '资深理财经理一级', '资深理财经理一级', '5', null, null, '2016-04-27 14:46:26', '2016-04-27 10:45:33', '0', null), ('52', '高级理财经理一级', 'staffingLevel', '高级理财经理一级', '高级理财经理一级', '3', null, null, '2016-04-27 14:45:24', '2016-04-27 10:45:44', '0', null), ('53', '理财经理', 'staffingLevel', '理财经理', '理财经理', '2', null, null, null, '2016-04-27 10:45:54', '0', null), ('54', '理财经理助理', 'staffingLevel', '理财经理助理', '理财经理助理', '1', null, null, null, '2016-04-27 10:46:06', '0', null), ('55', '女', 'gender', '女', 'female', '2', null, null, null, '2016-04-27 11:12:18', '0', null), ('56', '初中', 'educationalHistory', '初中', '初中', '1', null, null, null, '2016-04-27 11:14:07', '0', null), ('57', '高中', 'educationalHistory', '高中', '高中', '2', null, null, null, '2016-04-27 11:18:35', '0', null), ('58', '中专', 'educationalHistory', '中专', '中专', '3', null, null, null, '2016-04-27 11:18:48', '0', null), ('59', '大专', 'educationalHistory', '大专', '大专', '4', null, null, null, '2016-04-27 11:19:00', '0', null), ('60', '本科', 'educationalHistory', '本科', '本科', '5', null, null, null, '2016-04-27 11:19:11', '0', null), ('61', '硕士', 'educationalHistory', '硕士', '硕士', '6', null, null, null, '2016-04-27 11:19:20', '0', null), ('62', '博士', 'educationalHistory', '博士', '博士', '7', null, null, null, '2016-04-27 11:19:35', '0', null), ('63', '其他', 'educationalHistory', '其他', '其他', '8', null, null, null, '2016-04-27 11:19:45', '0', null), ('64', '本地城镇', 'accountType', '本地城镇', '本地城镇', '1', null, null, null, '2016-04-27 11:21:54', '0', null), ('65', '本地农村', 'accountType', '本地农村', '本地农村', '2', null, null, null, '2016-04-27 11:22:06', '0', null), ('66', '外地城镇', 'accountType', '外地城镇', '外地城镇', '3', null, null, null, '2016-04-27 11:22:17', '0', null), ('67', '外地农村', 'accountType', '外地农村', '外地农村', '4', null, null, null, '2016-04-27 11:22:30', '0', null), ('68', '共青团员', 'politicalStatus', '共青团员', '共青团员', '1', null, null, null, '2016-04-27 11:22:48', '0', null), ('69', '预备党员', 'politicalStatus', '预备党员', '预备党员', '2', null, null, null, '2016-04-27 11:23:00', '0', null), ('70', '正式党员', 'politicalStatus', '正式党员', '正式党员', '3', null, null, null, '2016-04-27 11:23:10', '0', null), ('71', '身份证', 'certificateType', '身份证', '身份证', '1', null, null, null, '2016-04-27 11:23:34', '0', null), ('72', '驾驶证', 'certificateType', '驾驶证', '驾驶证', '2', null, null, null, '2016-04-27 11:23:47', '0', null), ('73', '护照', 'certificateType', '护照', '护照', '3', null, null, null, '2016-04-27 11:23:58', '0', null), ('74', '未婚', 'maritalStatus', '未婚', '未婚', '1', null, null, null, '2016-04-27 11:25:49', '0', null), ('75', '已婚', 'maritalStatus', '已婚', '已婚', '2', null, null, null, '2016-04-27 11:26:00', '0', null), ('76', '丧偶', 'maritalStatus', '丧偶', '丧偶', '3', null, null, null, '2016-04-27 11:26:18', '0', null), ('77', '离异', 'maritalStatus', '离异', '离异', '4', null, null, null, '2016-04-27 11:26:27', '0', null), ('78', '理财经理', 'station', '理财经理', '理财经理', '1', null, null, '2016-04-27 16:17:47', '2016-04-27 12:54:48', '0', null), ('79', '高级理财经理二级', 'staffingLevel', '高级理财经理二级', '高级理财经理二级', '4', null, null, '2016-04-27 14:46:07', '2016-04-27 14:45:57', '0', null), ('80', '资深理财经理二级', 'staffingLevel', '资深理财经理二级', '资深理财经理二级', '6', null, null, null, '2016-04-27 14:46:48', '0', null), ('81', '理财师二级', 'staffingLevel', '理财师二级', '理财师二级', '8', null, null, null, '2016-04-27 14:47:25', '0', null), ('82', '高级理财师二级', 'staffingLevel', '高级理财师二级', '高级理财师二级', '10', null, null, null, '2016-04-27 14:48:40', '0', null), ('83', '资深理财师二级', 'staffingLevel', '资深理财师二级', '资深理财师二级', '12', null, null, null, '2016-04-27 14:49:04', '0', null), ('84', '直销', 'businessTypeW', '直销', '直销', '1', null, null, null, '2016-04-28 16:49:33', '0', null), ('85', '渠道', 'businessTypeW', '渠道', '渠道', '2', null, null, null, '2016-04-28 16:49:50', '0', null), ('86', '直销', 'businessTypeN', '直销', '直销', '1', null, null, null, '2016-04-28 16:50:12', '0', null), ('87', '董事长', 'staffingLevelEmployee', '董事长', '董事长', '1', null, null, null, '2016-04-28 18:56:04', '0', null), ('88', '董事长助理', 'staffingLevelEmployee', '董事长助理', '董事长助理', '2', null, null, null, '2016-04-28 18:56:14', '0', null), ('89', '董事长秘书', 'staffingLevelEmployee', '董事长秘书', '董事长秘书', '3', null, null, null, '2016-04-28 18:56:24', '0', null), ('90', '总裁', 'staffingLevelEmployee', '总裁', '总裁', '4', null, null, null, '2016-04-28 18:56:36', '0', null), ('91', '高级副总裁', 'staffingLevelEmployee', '高级副总裁', '高级副总裁', '5', null, null, null, '2016-04-28 18:56:46', '0', null), ('92', '副总裁', 'staffingLevelEmployee', '副总裁', '副总裁', '6', null, null, null, '2016-04-28 18:57:26', '0', null), ('93', '总裁助理', 'staffingLevelEmployee', '总裁助理', '总裁助理', '7', null, null, null, '2016-04-28 18:57:36', '0', null), ('94', '总经理', 'staffingLevelEmployee', '总经理', '总经理', '8', null, null, null, '2016-04-28 18:57:48', '0', null), ('95', '副总经理', 'staffingLevelEmployee', '副总经理', '副总经理', '9', null, null, null, '2016-04-28 18:57:59', '0', null), ('96', '经理', 'staffingLevelEmployee', '经理', '经理', '10', null, null, null, '2016-04-28 18:58:07', '0', null), ('97', '主管', 'staffingLevelEmployee', '主管', '主管', '11', null, null, null, '2016-04-28 18:58:18', '0', null), ('98', '专员', 'staffingLevelEmployee', '专员', '专员', '12', null, null, null, '2016-04-28 18:58:31', '0', null), ('99', '副经理', 'staffingLevelEmployee', '副经理', '副经理', '13', null, null, null, '2016-04-28 18:58:45', '0', null), ('100', '经理助理', 'staffingLevelEmployee', '经理助理', '经理助理', '14', null, null, null, '2016-04-28 18:58:58', '0', null), ('101', '董事长', 'stationEmployee', '董事长', '董事长', '1', null, null, null, '2016-04-28 18:56:04', '0', null), ('102', '董事长助理', 'stationEmployee', '董事长助理', '董事长助理', '2', null, null, null, '2016-04-28 18:56:14', '0', null), ('103', '董事长秘书', 'stationEmployee', '董事长秘书', '董事长秘书', '3', null, null, null, '2016-04-28 18:56:24', '0', null), ('104', '总裁', 'stationEmployee', '总裁', '总裁', '4', null, null, null, '2016-04-28 18:56:36', '0', null), ('105', '高级副总裁', 'stationEmployee', '高级副总裁', '高级副总裁', '5', null, null, null, '2016-04-28 18:56:46', '0', null), ('106', '副总裁', 'stationEmployee', '副总裁', '副总裁', '6', null, null, null, '2016-04-28 18:57:26', '0', null), ('107', '总裁助理', 'stationEmployee', '总裁助理', '总裁助理', '7', null, null, null, '2016-04-28 18:57:36', '0', null), ('108', '总经理', 'stationEmployee', '总经理', '总经理', '8', null, null, null, '2016-04-28 18:57:48', '0', null), ('109', '副总经理', 'stationEmployee', '副总经理', '副总经理', '9', null, null, null, '2016-04-28 18:57:59', '0', null), ('110', '经理', 'stationEmployee', '经理', '经理', '10', null, null, null, '2016-04-28 18:58:07', '0', null), ('111', '主管', 'stationEmployee', '主管', '主管', '11', null, null, null, '2016-04-28 18:58:18', '0', null), ('112', '专员', 'stationEmployee', '专员', '专员', '12', null, null, null, '2016-04-28 18:58:31', '0', null), ('113', '副经理', 'stationEmployee', '副经理', '副经理', '13', null, null, null, '2016-04-28 18:58:45', '0', null), ('114', '经理助理', 'stationEmployee', '经理助理', '经理助理', '14', null, null, null, '2016-04-28 18:58:58', '0', null);
COMMIT;

-- ----------------------------
--  Table structure for `tbl_im_code_type`
-- ----------------------------
DROP TABLE IF EXISTS `tbl_im_code_type`;
CREATE TABLE `tbl_im_code_type` (
  `ID` int(11) NOT NULL AUTO_INCREMENT COMMENT '物理主键ID',
  `CODE` varchar(40) DEFAULT NULL COMMENT '字典大类类别',
  `TYPE_CODE` varchar(40) DEFAULT NULL COMMENT '字典类型代码',
  `NAME_CN` varchar(40) DEFAULT NULL COMMENT '编码中文名称',
  `NAME_EN` varchar(40) DEFAULT NULL COMMENT '英文名称',
  `COMMENT` varchar(2000) DEFAULT NULL COMMENT '描述',
  `TENANT_ID` int(11) DEFAULT NULL COMMENT '租户主键',
  `ENABLE` int(1) DEFAULT NULL COMMENT '是否可以被用户编辑，1可以，0 不可以',
  `LAST_MODIFIED` datetime DEFAULT NULL COMMENT '最后修改时间',
  `FIRST_INSERT` datetime DEFAULT NULL COMMENT '首次插入时间',
  `DELETED` int(1) DEFAULT NULL COMMENT '是否逻辑删除',
  `DELETE_TIME` datetime DEFAULT NULL,
  PRIMARY KEY (`ID`)
) ENGINE=InnoDB AUTO_INCREMENT=35 DEFAULT CHARSET=utf8;

-- ----------------------------
--  Records of `tbl_im_code_type`
-- ----------------------------
BEGIN;
INSERT INTO `tbl_im_code_type` VALUES ('17', 'gender', 'businessTm', '性别', 'gender', '全局性别：男，女', null, '1', '2016-04-27 10:41:35', '2016-01-21 16:00:38', '0', null), ('18', 'flowType', 'businessTm', '审批流程业务类型', 'flowType', '审批流程业务类型', null, '1', '2016-01-21 16:30:56', '2016-01-21 16:28:55', '0', null), ('19', 'flowStatus', 'businessTm', '审核流程状态', 'flowStatus', '0 未审核 1 审核完成通过 2，审核完成未通过', null, '1', '2016-01-23 20:26:19', '2016-01-23 20:18:29', '0', null), ('22', 'chaType', 'businessTm', '渠道类型', 'chaType', '地方撒旦法撒旦', null, '0', '2016-03-14 15:11:26', '2016-02-03 19:37:54', '0', null), ('23', 'deptType', 'businessTm', '部门类型', 'deptType', '', null, '1', '2016-04-27 10:33:39', '2016-04-12 16:13:06', '0', null), ('24', 'staffingLevel', 'businessTm', '职业类别', 'staffingLevel', '职业分类：理财经理助理，理财经理，高级理财经理，资深理财经理，理财师，高级理财师，资深理财师，首席理财师，私人银行家', null, '1', null, '2016-04-27 10:18:29', '0', null), ('25', 'station', 'businessTm', '岗位分类', 'station', '岗位分类：一星营业部经理，二星营业部经理，三星营业部经理，营销副总监，营销总监', null, '1', null, '2016-04-27 10:20:53', '0', null), ('26', 'educationalHistory', 'businessTm', '学历', '学历', '学历：初中,高中,中专,大专,本科,硕士,博士,其他', null, '1', null, '2016-04-27 10:53:51', '0', null), ('27', 'accountType', 'businessTm', '户口属性', '户口属性', '户口属性：本地城镇，本地农村，外地城镇，外地农村', null, '1', null, '2016-04-27 10:55:41', '0', null), ('28', 'politicalStatus', 'businessTm', '政治面貌', '政治面貌', '政治面貌：共青团员，预备党员，正式党员', null, '1', null, '2016-04-27 10:56:10', '0', null), ('29', 'certificateType', 'businessTm', '证件类型', '证件类型', '证件类型：身份证，驾驶证，护照', null, '1', null, '2016-04-27 11:13:28', '0', null), ('30', 'maritalStatus', 'businessTm', '婚姻状况', '婚姻状况', '婚姻状况：未婚，已婚，丧偶，离异', null, '1', null, '2016-04-27 11:25:16', '0', null), ('31', 'businessTypeN', 'businessTm', '业务属性（内勤）', '业务属性（内勤）', '内勤业务属性：直销', null, '1', null, '2016-04-28 16:48:28', '0', null), ('32', 'businessTypeW', 'businessTm', '业务属性（外勤）', '业务属性（外勤）', '外勤：直销，渠道', null, '1', null, '2016-04-28 16:49:07', '0', null), ('33', 'staffingLevelEmployee', 'businessTm', '内勤职级', '内勤职级', '内勤职级：董事长，董事长助理，董事长秘书，总裁，高级副总裁，副总裁，总裁助理，总经理，副总经理，经理，主管，专员，副经理，经理助理', null, '1', null, '2016-04-28 18:55:16', '0', null), ('34', 'stationEmployee', 'businessTm', '内勤岗位', '内勤岗位', '内勤岗位：董事长，董事长助理，董事长秘书，总裁，高级副总裁，副总裁，总裁助理，总经理，副总经理，经理，主管，专员，副经理，经理助理', null, '1', null, '2016-04-28 18:55:16', '0', null);
COMMIT;

-- ----------------------------
--  Table structure for `tbl_image_store`
-- ----------------------------
DROP TABLE IF EXISTS `tbl_image_store`;
CREATE TABLE `tbl_image_store` (
  `id` int(11) NOT NULL AUTO_INCREMENT COMMENT '主键ID，生成策略，自动',
  `FIRST_INSERT` datetime NOT NULL COMMENT '记录创建时间',
  `LAST_MODIFIED` datetime DEFAULT NULL COMMENT '最后一次修改时间',
  `DELETED` int(1) NOT NULL DEFAULT '0' COMMENT '是否逻辑删除',
  `DELETE_TIME` datetime DEFAULT NULL COMMENT '逻辑删除时间',
  `TYPE` varchar(30) DEFAULT NULL COMMENT '类型:人员影像|合同影像',
  `SUBTYPE` varchar(30) DEFAULT NULL COMMENT '子类型:影像件业务归属类型',
  `URL` varchar(255) DEFAULT NULL COMMENT '影像件地址:直接是OSS的外网地址',
  `REFID` int(11) DEFAULT NULL COMMENT '业务引用关系ID:人员或合同对象的ID',
  `BUCKET` varchar(30) DEFAULT NULL COMMENT '阿里云OSS上文件所属bucket值',
  `FILENAME` varchar(100) DEFAULT NULL COMMENT '阿里云OSS上文件key值',
  PRIMARY KEY (`id`)
) ENGINE=InnoDB AUTO_INCREMENT=18 DEFAULT CHARSET=utf8;

-- ----------------------------
--  Records of `tbl_image_store`
-- ----------------------------
BEGIN;
INSERT INTO `tbl_image_store` VALUES ('1', '2016-03-27 11:51:09', '2016-03-27 12:53:45', '1', '2016-03-27 12:53:45', 'partyRole', '', 'http://cd2016oss-cn-hangzhou.aliyuncs.com/imgpartyRole6.png', '8', 'cd2016', 'imgpartyRole6.png'), ('2', '2016-03-27 11:57:33', '2016-03-27 12:53:55', '1', '2016-03-27 12:53:55', 'partyRole', '', 'http://cd2016.oss-cn-hangzhou.aliyuncs.com/imgpartyRole7.png', '8', 'cd2016', 'imgpartyRole7.png'), ('3', '2016-03-27 12:01:02', '2016-03-27 12:56:39', '1', '2016-03-27 12:56:39', 'partyRole', '', 'http://cd2016.oss-cn-hangzhou.aliyuncs.com/imgpartyRole8.png', '7', 'cd2016', 'imgpartyRole8.png'), ('4', '2016-03-27 12:01:13', '2016-03-27 12:56:45', '1', '2016-03-27 12:56:45', 'partyRole', '', 'http://cd2016.oss-cn-hangzhou.aliyuncs.com/imgpartyRole9.png', '7', 'cd2016', 'imgpartyRole9.png'), ('5', '2016-03-27 12:15:19', null, '0', null, 'partyRole', '', 'http://cd2016.oss-cn-hangzhou.aliyuncs.com/imgpartyRole10.png', '5', 'cd2016', 'imgpartyRole10.png'), ('6', '2016-03-27 12:15:19', null, '0', null, 'partyRole', '', 'http://cd2016.oss-cn-hangzhou.aliyuncs.com/imgpartyRole11.png', '5', 'cd2016', 'imgpartyRole11.png'), ('7', '2016-03-27 12:56:52', null, '0', null, 'partyRole', '', 'http://cd2016.oss-cn-hangzhou.aliyuncs.com/imgpartyRole12.png', '7', 'cd2016', 'imgpartyRole12.png'), ('8', '2016-03-27 12:57:49', '2016-03-27 12:59:35', '1', '2016-03-27 12:59:35', 'partyRole', '', 'http://cd2016.oss-cn-hangzhou.aliyuncs.com/imgpartyRole13.png', '8', 'cd2016', 'imgpartyRole13.png'), ('9', '2016-03-27 12:59:43', null, '0', null, 'partyRole', '', 'http://cd2016.oss-cn-hangzhou.aliyuncs.com/imgpartyRole14.png', '8', 'cd2016', 'imgpartyRole14.png'), ('10', '2016-03-27 13:00:17', null, '0', null, 'partyRole', '', 'http://cd2016.oss-cn-hangzhou.aliyuncs.com/imgpartyRole15.png', '8', 'cd2016', 'imgpartyRole15.png'), ('11', '2016-03-28 09:18:36', null, '0', null, 'partyRole', '', 'http://cd2016.oss-cn-hangzhou.aliyuncs.com/imgpartyRole16.png', '7', 'cd2016', 'imgpartyRole16.png'), ('12', '2016-04-07 18:55:44', null, '0', null, 'agreement', '', 'http://cd2016.oss-cn-hangzhou.aliyuncs.com/imgagreement17.png', '19', 'cd2016', 'imgagreement17.png'), ('13', '2016-04-07 18:56:01', null, '0', null, 'agreement', '', 'http://cd2016.oss-cn-hangzhou.aliyuncs.com/imgagreement18.png', '19', 'cd2016', 'imgagreement18.png'), ('14', '2016-04-07 18:58:56', null, '0', null, 'agreement', '', 'http://cd2016.oss-cn-hangzhou.aliyuncs.com/imgagreement19.jpg', '19', 'cd2016', 'imgagreement19.jpg'), ('15', '2016-04-07 18:59:07', null, '0', null, 'agreement', '', 'http://cd2016.oss-cn-hangzhou.aliyuncs.com/imgagreement20.jpg', '18', 'cd2016', 'imgagreement20.jpg'), ('16', '2016-04-07 19:00:03', null, '0', null, 'agreement', '', 'http://cd2016.oss-cn-hangzhou.aliyuncs.com/imgagreement21.png', '17', 'cd2016', 'imgagreement21.png'), ('17', '2016-04-11 11:26:29', '2016-04-11 11:26:48', '1', '2016-04-11 11:26:48', 'partyRole', '', 'http://cd2016.oss-cn-hangzhou.aliyuncs.com/imgpartyRole22.jpg', '11', 'cd2016', 'imgpartyRole22.jpg');
COMMIT;

-- ----------------------------
--  Table structure for `tbl_permission`
-- ----------------------------
DROP TABLE IF EXISTS `tbl_permission`;
CREATE TABLE `tbl_permission` (
  `ID` int(11) NOT NULL AUTO_INCREMENT,
  `ROLE_CODE` varchar(50) DEFAULT NULL,
  `RESOURCE_CODE` varchar(20) DEFAULT NULL,
  `FIRST_INSERT` datetime NOT NULL,
  `DELETED` int(1) DEFAULT '0' COMMENT '是否逻辑删除',
  `DELETE_TIME` datetime DEFAULT NULL,
  `LAST_MODIFIED` datetime DEFAULT NULL,
  PRIMARY KEY (`ID`)
) ENGINE=InnoDB AUTO_INCREMENT=7530 DEFAULT CHARSET=utf8;

-- ----------------------------
--  Records of `tbl_permission`
-- ----------------------------
BEGIN;
INSERT INTO `tbl_permission` VALUES ('4276', 'systemManage', 'RS000219', '2016-03-20 20:50:44', '0', null, null), ('4277', 'systemManage', 'RS000225', '2016-03-20 20:50:44', '0', null, null), ('4278', 'systemManage', 'RS000254', '2016-03-20 20:50:44', '0', null, null), ('4279', 'systemManage', 'RS000255', '2016-03-20 20:50:44', '0', null, null), ('4280', 'systemManage', 'RS000256', '2016-03-20 20:50:44', '0', null, null), ('4281', 'systemManage', 'RS000257', '2016-03-20 20:50:44', '0', null, null), ('4282', 'systemManage', 'RS000258', '2016-03-20 20:50:44', '0', null, null), ('4283', 'systemManage', 'RS000226', '2016-03-20 20:50:44', '0', null, null), ('4284', 'systemManage', 'RS000259', '2016-03-20 20:50:44', '0', null, null), ('4285', 'systemManage', 'RS000260', '2016-03-20 20:50:44', '0', null, null), ('4286', 'systemManage', 'RS000261', '2016-03-20 20:50:44', '0', null, null), ('4287', 'systemManage', 'RS000262', '2016-03-20 20:50:45', '0', null, null), ('4288', 'systemManage', 'RS000263', '2016-03-20 20:50:45', '0', null, null), ('4289', 'systemManage', 'RS000264', '2016-03-20 20:50:45', '0', null, null), ('4290', 'systemManage', 'RS000265', '2016-03-20 20:50:45', '0', null, null), ('4291', 'systemManage', 'RS000271', '2016-03-20 20:50:45', '0', null, null), ('4292', 'systemManage', 'RS000272', '2016-03-20 20:50:45', '0', null, null), ('4293', 'systemManage', 'RS000273', '2016-03-20 20:50:45', '0', null, null), ('4294', 'systemManage', 'RS000227', '2016-03-20 20:50:45', '0', null, null), ('4295', 'systemManage', 'RS000266', '2016-03-20 20:50:45', '0', null, null), ('4296', 'systemManage', 'RS000267', '2016-03-20 20:50:45', '0', null, null), ('4297', 'systemManage', 'RS000228', '2016-03-20 20:50:45', '0', null, null), ('4298', 'systemManage', 'RS000268', '2016-03-20 20:50:45', '0', null, null), ('4299', 'systemManage', 'RS000269', '2016-03-20 20:50:45', '0', null, null), ('4300', 'systemManage', 'RS000270', '2016-03-20 20:50:45', '0', null, null), ('4301', 'systemManage', 'RS000229', '2016-03-20 20:50:45', '0', null, null), ('4302', 'systemManage', 'RS000278', '2016-03-20 20:50:45', '0', null, null), ('4303', 'systemManage', 'RS000279', '2016-03-20 20:50:45', '0', null, null), ('4304', 'systemManage', 'RS000280', '2016-03-20 20:50:45', '0', null, null), ('4305', 'systemManage', 'RS000230', '2016-03-20 20:50:45', '0', null, null), ('4306', 'systemManage', 'RS000220', '2016-03-20 20:50:45', '0', null, null), ('4307', 'systemManage', 'RS000231', '2016-03-20 20:50:45', '0', null, null), ('4308', 'systemManage', 'RS000276', '2016-03-20 20:50:45', '0', null, null), ('4309', 'systemManage', 'RS000232', '2016-03-20 20:50:45', '0', null, null), ('4310', 'systemManage', 'RS000277', '2016-03-20 20:50:45', '0', null, null), ('4311', 'systemManage', 'RS000233', '2016-03-20 20:50:45', '0', null, null), ('4312', 'systemManage', 'RS000221', '2016-03-20 20:50:45', '0', null, null), ('4313', 'systemManage', 'RS000234', '2016-03-20 20:50:45', '0', null, null), ('4314', 'systemManage', 'RS000274', '2016-03-20 20:50:45', '0', null, null), ('4315', 'systemManage', 'RS000235', '2016-03-20 20:50:45', '0', null, null), ('4316', 'systemManage', 'RS000355', '2016-03-20 20:50:45', '0', null, null), ('4317', 'systemManage', 'RS000236', '2016-03-20 20:50:45', '0', null, null), ('4318', 'systemManage', 'RS000237', '2016-03-20 20:50:45', '0', null, null), ('4319', 'systemManage', 'RS000238', '2016-03-20 20:50:45', '0', null, null), ('4320', 'systemManage', 'RS000222', '2016-03-20 20:50:45', '0', null, null), ('4321', 'systemManage', 'RS000239', '2016-03-20 20:50:45', '0', null, null), ('4322', 'systemManage', 'RS000240', '2016-03-20 20:50:45', '0', null, null), ('4323', 'systemManage', 'RS000241', '2016-03-20 20:50:45', '0', null, null), ('4324', 'systemManage', 'RS000242', '2016-03-20 20:50:45', '0', null, null), ('4325', 'systemManage', 'RS000243', '2016-03-20 20:50:46', '0', null, null), ('4326', 'systemManage', 'RS000223', '2016-03-20 20:50:46', '0', null, null), ('4327', 'systemManage', 'RS000244', '2016-03-20 20:50:46', '0', null, null), ('4328', 'systemManage', 'RS000245', '2016-03-20 20:50:46', '0', null, null), ('4329', 'systemManage', 'RS000246', '2016-03-20 20:50:46', '0', null, null), ('4330', 'systemManage', 'RS000247', '2016-03-20 20:50:46', '0', null, null), ('4331', 'systemManage', 'RS000248', '2016-03-20 20:50:46', '0', null, null), ('4332', 'systemManage', 'RS000249', '2016-03-20 20:50:46', '0', null, null), ('4333', 'systemManage', 'RS000224', '2016-03-20 20:50:46', '0', null, null), ('4334', 'systemManage', 'RS000250', '2016-03-20 20:50:46', '0', null, null), ('4335', 'systemManage', 'RS000251', '2016-03-20 20:50:46', '0', null, null), ('4336', 'systemManage', 'RS000252', '2016-03-20 20:50:46', '0', null, null), ('4337', 'systemManage', 'RS000253', '2016-03-20 20:50:46', '0', null, null), ('4338', 'systemManage', 'RS000275', '2016-03-20 20:50:46', '0', null, null), ('4339', 'systemManage', 'RS000059', '2016-03-20 20:50:46', '0', null, null), ('7118', 'superSystemManage', 'RS000219', '2016-03-29 10:24:54', '0', null, null), ('7119', 'superSystemManage', 'RS000225', '2016-03-29 10:24:54', '0', null, null), ('7120', 'superSystemManage', 'RS000254', '2016-03-29 10:24:54', '0', null, null), ('7121', 'superSystemManage', 'RS000255', '2016-03-29 10:24:54', '0', null, null), ('7122', 'superSystemManage', 'RS000256', '2016-03-29 10:24:54', '0', null, null), ('7123', 'superSystemManage', 'RS000257', '2016-03-29 10:24:54', '0', null, null), ('7124', 'superSystemManage', 'RS000258', '2016-03-29 10:24:54', '0', null, null), ('7125', 'superSystemManage', 'RS000226', '2016-03-29 10:24:54', '0', null, null), ('7126', 'superSystemManage', 'RS000259', '2016-03-29 10:24:54', '0', null, null), ('7127', 'superSystemManage', 'RS000260', '2016-03-29 10:24:54', '0', null, null), ('7128', 'superSystemManage', 'RS000261', '2016-03-29 10:24:54', '0', null, null), ('7129', 'superSystemManage', 'RS000262', '2016-03-29 10:24:54', '0', null, null), ('7130', 'superSystemManage', 'RS000263', '2016-03-29 10:24:54', '0', null, null), ('7131', 'superSystemManage', 'RS000264', '2016-03-29 10:24:54', '0', null, null), ('7132', 'superSystemManage', 'RS000265', '2016-03-29 10:24:54', '0', null, null), ('7133', 'superSystemManage', 'RS000271', '2016-03-29 10:24:55', '0', null, null), ('7134', 'superSystemManage', 'RS000272', '2016-03-29 10:24:55', '0', null, null), ('7135', 'superSystemManage', 'RS000273', '2016-03-29 10:24:55', '0', null, null), ('7136', 'superSystemManage', 'RS000227', '2016-03-29 10:24:55', '0', null, null), ('7137', 'superSystemManage', 'RS000266', '2016-03-29 10:24:55', '0', null, null), ('7138', 'superSystemManage', 'RS000267', '2016-03-29 10:24:55', '0', null, null), ('7139', 'superSystemManage', 'RS000228', '2016-03-29 10:24:55', '0', null, null), ('7140', 'superSystemManage', 'RS000268', '2016-03-29 10:24:55', '0', null, null), ('7141', 'superSystemManage', 'RS000269', '2016-03-29 10:24:55', '0', null, null), ('7142', 'superSystemManage', 'RS000270', '2016-03-29 10:24:55', '0', null, null), ('7143', 'superSystemManage', 'RS000229', '2016-03-29 10:24:55', '0', null, null), ('7144', 'superSystemManage', 'RS000278', '2016-03-29 10:24:55', '0', null, null), ('7145', 'superSystemManage', 'RS000279', '2016-03-29 10:24:55', '0', null, null), ('7146', 'superSystemManage', 'RS000280', '2016-03-29 10:24:55', '0', null, null), ('7147', 'superSystemManage', 'RS000324', '2016-03-29 10:24:55', '0', null, null), ('7148', 'superSystemManage', 'RS000325', '2016-03-29 10:24:55', '0', null, null), ('7149', 'superSystemManage', 'RS000326', '2016-03-29 10:24:55', '0', null, null), ('7150', 'superSystemManage', 'RS000327', '2016-03-29 10:24:55', '0', null, null), ('7151', 'superSystemManage', 'RS000328', '2016-03-29 10:24:55', '0', null, null), ('7152', 'superSystemManage', 'RS000230', '2016-03-29 10:24:55', '0', null, null), ('7153', 'superSystemManage', 'RS000220', '2016-03-29 10:24:55', '0', null, null), ('7154', 'superSystemManage', 'RS000231', '2016-03-29 10:24:55', '0', null, null), ('7155', 'superSystemManage', 'RS000276', '2016-03-29 10:24:56', '0', null, null), ('7156', 'superSystemManage', 'RS000232', '2016-03-29 10:24:56', '0', null, null), ('7157', 'superSystemManage', 'RS000277', '2016-03-29 10:24:56', '0', null, null), ('7158', 'superSystemManage', 'RS000285', '2016-03-29 10:24:56', '0', null, null), ('7159', 'superSystemManage', 'RS000233', '2016-03-29 10:24:56', '0', null, null), ('7160', 'superSystemManage', 'RS000286', '2016-03-29 10:24:56', '0', null, null), ('7161', 'superSystemManage', 'RS000221', '2016-03-29 10:24:56', '0', null, null), ('7162', 'superSystemManage', 'RS000234', '2016-03-29 10:24:56', '0', null, null), ('7163', 'superSystemManage', 'RS000274', '2016-03-29 10:24:56', '0', null, null), ('7164', 'superSystemManage', 'RS000382', '2016-03-29 10:24:56', '0', null, null), ('7165', 'superSystemManage', 'RS000383', '2016-03-29 10:24:56', '0', null, null), ('7166', 'superSystemManage', 'RS000235', '2016-03-29 10:24:56', '0', null, null), ('7167', 'superSystemManage', 'RS000355', '2016-03-29 10:24:56', '0', null, null), ('7168', 'superSystemManage', 'RS000236', '2016-03-29 10:24:56', '0', null, null), ('7169', 'superSystemManage', 'RS000237', '2016-03-29 10:24:56', '0', null, null), ('7170', 'superSystemManage', 'RS000238', '2016-03-29 10:24:56', '0', null, null), ('7171', 'superSystemManage', 'RS000223', '2016-03-29 10:24:56', '0', null, null), ('7172', 'superSystemManage', 'RS000244', '2016-03-29 10:24:56', '0', null, null), ('7173', 'superSystemManage', 'RS000281', '2016-03-29 10:24:56', '0', null, null), ('7174', 'superSystemManage', 'RS000282', '2016-03-29 10:24:57', '0', null, null), ('7175', 'superSystemManage', 'RS000283', '2016-03-29 10:24:57', '0', null, null), ('7176', 'superSystemManage', 'RS000308', '2016-03-29 10:24:57', '0', null, null), ('7177', 'superSystemManage', 'RS000245', '2016-03-29 10:24:57', '0', null, null), ('7178', 'superSystemManage', 'RS000292', '2016-03-29 10:24:57', '0', null, null), ('7179', 'superSystemManage', 'RS000297', '2016-03-29 10:24:57', '0', null, null), ('7180', 'superSystemManage', 'RS000298', '2016-03-29 10:24:57', '0', null, null), ('7181', 'superSystemManage', 'RS000303', '2016-03-29 10:24:57', '0', null, null), ('7182', 'superSystemManage', 'RS000246', '2016-03-29 10:24:57', '0', null, null), ('7183', 'superSystemManage', 'RS000293', '2016-03-29 10:24:57', '0', null, null), ('7184', 'superSystemManage', 'RS000299', '2016-03-29 10:24:57', '0', null, null), ('7185', 'superSystemManage', 'RS000304', '2016-03-29 10:24:57', '0', null, null), ('7186', 'superSystemManage', 'RS000247', '2016-03-29 10:24:57', '0', null, null), ('7187', 'superSystemManage', 'RS000294', '2016-03-29 10:24:57', '0', null, null), ('7188', 'superSystemManage', 'RS000300', '2016-03-29 10:24:57', '0', null, null), ('7189', 'superSystemManage', 'RS000305', '2016-03-29 10:24:57', '0', null, null), ('7190', 'superSystemManage', 'RS000248', '2016-03-29 10:24:57', '0', null, null), ('7191', 'superSystemManage', 'RS000295', '2016-03-29 10:24:57', '0', null, null), ('7192', 'superSystemManage', 'RS000301', '2016-03-29 10:24:57', '0', null, null), ('7193', 'superSystemManage', 'RS000306', '2016-03-29 10:24:57', '0', null, null), ('7194', 'superSystemManage', 'RS000249', '2016-03-29 10:24:57', '0', null, null), ('7195', 'superSystemManage', 'RS000296', '2016-03-29 10:24:57', '0', null, null), ('7196', 'superSystemManage', 'RS000302', '2016-03-29 10:24:57', '0', null, null), ('7197', 'superSystemManage', 'RS000307', '2016-03-29 10:24:57', '0', null, null), ('7198', 'superSystemManage', 'RS000224', '2016-03-29 10:24:58', '0', null, null), ('7199', 'superSystemManage', 'RS000250', '2016-03-29 10:24:58', '0', null, null), ('7200', 'superSystemManage', 'RS000309', '2016-03-29 10:24:58', '0', null, null), ('7201', 'superSystemManage', 'RS000310', '2016-03-29 10:24:58', '0', null, null), ('7202', 'superSystemManage', 'RS000311', '2016-03-29 10:24:58', '0', null, null), ('7203', 'superSystemManage', 'RS000312', '2016-03-29 10:24:58', '0', null, null), ('7204', 'superSystemManage', 'RS000313', '2016-03-29 10:24:58', '0', null, null), ('7205', 'superSystemManage', 'RS000251', '2016-03-29 10:24:58', '0', null, null), ('7206', 'superSystemManage', 'RS000314', '2016-03-29 10:24:58', '0', null, null), ('7207', 'superSystemManage', 'RS000315', '2016-03-29 10:24:58', '0', null, null), ('7208', 'superSystemManage', 'RS000316', '2016-03-29 10:24:58', '0', null, null), ('7209', 'superSystemManage', 'RS000317', '2016-03-29 10:24:58', '0', null, null), ('7210', 'superSystemManage', 'RS000318', '2016-03-29 10:24:58', '0', null, null), ('7211', 'superSystemManage', 'RS000319', '2016-03-29 10:24:58', '0', null, null), ('7212', 'superSystemManage', 'RS000320', '2016-03-29 10:24:58', '0', null, null), ('7213', 'superSystemManage', 'RS000321', '2016-03-29 10:24:58', '0', null, null), ('7214', 'superSystemManage', 'RS000253', '2016-03-29 10:24:58', '0', null, null), ('7215', 'superSystemManage', 'RS000252', '2016-03-29 10:24:58', '0', null, null), ('7216', 'superSystemManage', 'RS000284', '2016-03-29 10:24:59', '0', null, null), ('7217', 'superSystemManage', 'RS000275', '2016-03-29 10:24:59', '0', null, null), ('7218', 'superSystemManage', 'RS000059', '2016-03-29 10:24:59', '0', null, null), ('7219', 'superSystemManage', 'RS000322', '2016-03-29 10:24:59', '0', null, null), ('7220', 'superSystemManage', 'RS000323', '2016-03-29 10:24:59', '0', null, null), ('7221', 'superSystemManage', 'RS000354', '2016-03-29 10:24:59', '0', null, null), ('7222', 'superSystemManage', 'RS000381', '2016-03-29 10:24:59', '0', null, null), ('7223', 'superSystemManage', 'RS000384', '2016-03-29 10:24:59', '0', null, null), ('7224', 'superSystemManage', 'RS000329', '2016-03-29 10:24:59', '0', null, null), ('7225', 'superSystemManage', 'RS000330', '2016-03-29 10:24:59', '0', null, null), ('7226', 'superSystemManage', 'RS000333', '2016-03-29 10:24:59', '0', null, null), ('7227', 'superSystemManage', 'RS000334', '2016-03-29 10:24:59', '0', null, null), ('7228', 'superSystemManage', 'RS000335', '2016-03-29 10:24:59', '0', null, null), ('7229', 'superSystemManage', 'RS000339', '2016-03-29 10:24:59', '0', null, null), ('7230', 'superSystemManage', 'RS000331', '2016-03-29 10:24:59', '0', null, null), ('7231', 'superSystemManage', 'RS000336', '2016-03-29 10:24:59', '0', null, null), ('7232', 'superSystemManage', 'RS000337', '2016-03-29 10:24:59', '0', null, null), ('7233', 'superSystemManage', 'RS000340', '2016-03-29 10:24:59', '0', null, null), ('7234', 'superSystemManage', 'RS000332', '2016-03-29 10:25:00', '0', null, null), ('7235', 'superSystemManage', 'RS000338', '2016-03-29 10:25:00', '0', null, null), ('7236', 'superSystemManage', 'RS000341', '2016-03-29 10:25:00', '0', null, null), ('7237', 'superSystemManage', 'RS000342', '2016-03-29 10:25:00', '0', null, null), ('7238', 'superSystemManage', 'RS000343', '2016-03-29 10:25:00', '0', null, null), ('7239', 'superSystemManage', 'RS000344', '2016-03-29 10:25:00', '0', null, null), ('7240', 'superSystemManage', 'RS000345', '2016-03-29 10:25:00', '0', null, null), ('7241', 'superSystemManage', 'RS000346', '2016-03-29 10:25:00', '0', null, null), ('7242', 'superSystemManage', 'RS000348', '2016-03-29 10:25:00', '0', null, null), ('7243', 'superSystemManage', 'RS000349', '2016-03-29 10:25:00', '0', null, null), ('7244', 'superSystemManage', 'RS000350', '2016-03-29 10:25:00', '0', null, null), ('7245', 'superSystemManage', 'RS000347', '2016-03-29 10:25:00', '0', null, null), ('7246', 'superSystemManage', 'RS000351', '2016-03-29 10:25:00', '0', null, null), ('7247', 'superSystemManage', 'RS000352', '2016-03-29 10:25:00', '0', null, null), ('7248', 'superSystemManage', 'RS000353', '2016-03-29 10:25:00', '0', null, null), ('7249', 'superSystemManage', 'RS000376', '2016-03-29 10:25:00', '0', null, null), ('7250', 'superSystemManage', 'RS000377', '2016-03-29 10:25:00', '0', null, null), ('7251', 'superSystemManage', 'RS000378', '2016-03-29 10:25:01', '0', null, null), ('7252', 'superSystemManage', 'RS000357', '2016-03-29 10:25:01', '0', null, null), ('7253', 'superSystemManage', 'RS000358', '2016-03-29 10:25:01', '0', null, null), ('7254', 'superSystemManage', 'RS000379', '2016-03-29 10:25:01', '0', null, null), ('7255', 'superSystemManage', 'RS000380', '2016-03-29 10:25:01', '0', null, null), ('7256', 'superSystemManage', 'RS000359', '2016-03-29 10:25:01', '0', null, null), ('7257', 'superSystemManage', 'RS000360', '2016-03-29 10:25:01', '0', null, null), ('7258', 'superSystemManage', 'RS000361', '2016-03-29 10:25:01', '0', null, null), ('7259', 'superSystemManage', 'RS000362', '2016-03-29 10:25:01', '0', null, null), ('7260', 'superSystemManage', 'RS000363', '2016-03-29 10:25:01', '0', null, null), ('7261', 'superSystemManage', 'RS000364', '2016-03-29 10:25:01', '0', null, null), ('7262', 'superSystemManage', 'RS000366', '2016-03-29 10:25:01', '0', null, null), ('7263', 'superSystemManage', 'RS000365', '2016-03-29 10:25:01', '0', null, null), ('7264', 'superSystemManage', 'RS000367', '2016-03-29 10:25:01', '0', null, null), ('7265', 'superSystemManage', 'RS000368', '2016-03-29 10:25:02', '0', null, null), ('7266', 'superSystemManage', 'RS000369', '2016-03-29 10:25:02', '0', null, null), ('7267', 'superSystemManage', 'RS000370', '2016-03-29 10:25:02', '0', null, null), ('7268', 'superSystemManage', 'RS000371', '2016-03-29 10:25:02', '0', null, null), ('7269', 'superSystemManage', 'RS000372', '2016-03-29 10:25:02', '0', null, null), ('7270', 'superSystemManage', 'RS000373', '2016-03-29 10:25:02', '0', null, null), ('7271', 'superSystemManage', 'RS000374', '2016-03-29 10:25:02', '0', null, null), ('7272', 'superSystemManage', 'RS000375', '2016-03-29 10:25:02', '0', null, null), ('7285', 'superSystemManage', 'RS000385', '2016-03-29 15:20:01', '0', null, null), ('7286', 'superSystemManage', 'RS000386', '2016-03-30 10:30:03', '0', null, null), ('7287', 'uat_test', 'RS000223', '2016-03-31 10:01:49', '0', null, null), ('7288', 'uat_test', 'RS000244', '2016-03-31 10:01:49', '0', null, null), ('7289', 'uat_test', 'RS000281', '2016-03-31 10:01:49', '0', null, null), ('7290', 'uat_test', 'RS000282', '2016-03-31 10:01:49', '0', null, null), ('7291', 'uat_test', 'RS000283', '2016-03-31 10:01:49', '0', null, null), ('7292', 'uat_test', 'RS000308', '2016-03-31 10:01:49', '0', null, null), ('7293', 'uat_test', 'RS000245', '2016-03-31 10:01:49', '0', null, null), ('7294', 'uat_test', 'RS000292', '2016-03-31 10:01:49', '0', null, null), ('7295', 'uat_test', 'RS000297', '2016-03-31 10:01:49', '0', null, null), ('7296', 'uat_test', 'RS000298', '2016-03-31 10:01:49', '0', null, null), ('7297', 'uat_test', 'RS000303', '2016-03-31 10:01:50', '0', null, null), ('7298', 'uat_test', 'RS000246', '2016-03-31 10:01:50', '0', null, null), ('7299', 'uat_test', 'RS000293', '2016-03-31 10:01:50', '0', null, null), ('7300', 'uat_test', 'RS000299', '2016-03-31 10:01:50', '0', null, null), ('7301', 'uat_test', 'RS000304', '2016-03-31 10:01:50', '0', null, null), ('7302', 'uat_test', 'RS000247', '2016-03-31 10:01:50', '0', null, null), ('7303', 'uat_test', 'RS000294', '2016-03-31 10:01:50', '0', null, null), ('7304', 'uat_test', 'RS000300', '2016-03-31 10:01:50', '0', null, null), ('7305', 'uat_test', 'RS000305', '2016-03-31 10:01:50', '0', null, null), ('7306', 'uat_test', 'RS000385', '2016-03-31 10:01:50', '0', null, null), ('7307', 'uat_test', 'RS000248', '2016-03-31 10:01:50', '0', null, null), ('7308', 'uat_test', 'RS000295', '2016-03-31 10:01:50', '0', null, null), ('7309', 'uat_test', 'RS000301', '2016-03-31 10:01:51', '0', null, null), ('7310', 'uat_test', 'RS000306', '2016-03-31 10:01:51', '0', null, null), ('7311', 'uat_test', 'RS000386', '2016-03-31 10:01:51', '0', null, null), ('7316', 'uat_test', 'RS000329', '2016-03-31 10:01:51', '0', null, null), ('7317', 'uat_test', 'RS000330', '2016-03-31 10:01:51', '0', null, null), ('7318', 'uat_test', 'RS000333', '2016-03-31 10:01:51', '0', null, null), ('7319', 'uat_test', 'RS000334', '2016-03-31 10:01:51', '0', null, null), ('7320', 'uat_test', 'RS000335', '2016-03-31 10:01:51', '0', null, null), ('7321', 'uat_test', 'RS000339', '2016-03-31 10:01:51', '0', null, null), ('7322', 'uat_test', 'RS000331', '2016-03-31 10:01:52', '0', null, null), ('7323', 'uat_test', 'RS000336', '2016-03-31 10:01:52', '0', null, null), ('7324', 'uat_test', 'RS000337', '2016-03-31 10:01:52', '0', null, null), ('7325', 'uat_test', 'RS000340', '2016-03-31 10:01:52', '0', null, null), ('7326', 'uat_test', 'RS000332', '2016-03-31 10:01:52', '0', null, null), ('7327', 'uat_test', 'RS000338', '2016-03-31 10:01:52', '0', null, null), ('7328', 'uat_test', 'RS000341', '2016-03-31 10:01:52', '0', null, null), ('7329', 'uat_test', 'RS000342', '2016-03-31 10:01:52', '0', null, null), ('7330', 'uat_test', 'RS000343', '2016-03-31 10:01:52', '0', null, null), ('7331', 'uat_test', 'RS000344', '2016-03-31 10:01:52', '0', null, null), ('7332', 'uat_test', 'RS000345', '2016-03-31 10:01:52', '0', null, null), ('7333', 'uat_test', 'RS000346', '2016-03-31 10:01:52', '0', null, null), ('7334', 'uat_test', 'RS000348', '2016-03-31 10:01:52', '0', null, null), ('7335', 'uat_test', 'RS000349', '2016-03-31 10:01:53', '0', null, null), ('7336', 'uat_test', 'RS000350', '2016-03-31 10:01:53', '0', null, null), ('7337', 'uat_test', 'RS000347', '2016-03-31 10:01:53', '0', null, null), ('7338', 'uat_test', 'RS000351', '2016-03-31 10:01:53', '0', null, null), ('7339', 'uat_test', 'RS000352', '2016-03-31 10:01:53', '0', null, null), ('7340', 'uat_test', 'RS000353', '2016-03-31 10:01:53', '0', null, null), ('7341', 'uat_test', 'RS000376', '2016-03-31 10:01:53', '0', null, null), ('7342', 'uat_test', 'RS000377', '2016-03-31 10:01:53', '0', null, null), ('7343', 'uat_test', 'RS000378', '2016-03-31 10:01:53', '0', null, null), ('7344', 'uat_test', 'RS000220', '2016-03-31 11:50:21', '0', null, null), ('7345', 'uat_test', 'RS000231', '2016-03-31 11:50:21', '0', null, null), ('7346', 'uat_test', 'RS000276', '2016-03-31 11:50:21', '0', null, null), ('7347', 'uat_test', 'RS000232', '2016-03-31 11:50:21', '0', null, null), ('7348', 'uat_test', 'RS000277', '2016-03-31 11:50:21', '0', null, null), ('7349', 'uat_test', 'RS000285', '2016-03-31 11:50:21', '0', null, null), ('7350', 'uat_test', 'RS000233', '2016-03-31 11:50:21', '0', null, null), ('7351', 'uat_test', 'RS000286', '2016-03-31 11:50:21', '0', null, null), ('7352', 'uat_test', 'RS000221', '2016-03-31 11:50:22', '0', null, null), ('7353', 'uat_test', 'RS000234', '2016-03-31 11:50:22', '0', null, null), ('7354', 'uat_test', 'RS000274', '2016-03-31 11:50:22', '0', null, null), ('7355', 'uat_test', 'RS000382', '2016-03-31 11:50:22', '0', null, null), ('7356', 'uat_test', 'RS000383', '2016-03-31 11:50:22', '0', null, null), ('7357', 'uat_test', 'RS000235', '2016-03-31 11:50:22', '0', null, null), ('7358', 'uat_test', 'RS000355', '2016-03-31 11:50:22', '0', null, null), ('7359', 'uat_test', 'RS000236', '2016-03-31 11:50:22', '0', null, null), ('7360', 'uat_test', 'RS000237', '2016-03-31 11:50:22', '0', null, null), ('7361', 'uat_test', 'RS000238', '2016-03-31 11:50:22', '0', null, null), ('7362', 'superSystemManage', 'RS000387', '2016-03-31 13:45:00', '0', null, null), ('7363', 'superSystemManage', 'RS000388', '2016-03-31 13:45:00', '0', null, null), ('7364', 'superSystemManage', 'RS000389', '2016-03-31 13:45:00', '0', null, null), ('7365', 'superSystemManage', 'RS000390', '2016-03-31 14:22:19', '0', null, null), ('7366', 'superSystemManage', 'RS000391', '2016-03-31 14:22:20', '0', null, null), ('7367', 'superSystemManage', 'RS000392', '2016-03-31 16:41:47', '0', null, null), ('7368', 'superSystemManage', 'RS000395', '2016-03-31 16:41:47', '0', null, null), ('7369', 'superSystemManage', 'RS000396', '2016-03-31 16:41:47', '0', null, null), ('7370', 'superSystemManage', 'RS000393', '2016-03-31 16:41:47', '0', null, null), ('7371', 'superSystemManage', 'RS000397', '2016-03-31 16:41:48', '0', null, null), ('7372', 'superSystemManage', 'RS000398', '2016-03-31 16:41:48', '0', null, null), ('7373', 'superSystemManage', 'RS000394', '2016-03-31 16:41:48', '0', null, null), ('7374', 'superSystemManage', 'RS000399', '2016-03-31 16:41:48', '0', null, null), ('7375', 'superSystemManage', 'RS000400', '2016-03-31 16:41:48', '0', null, null), ('7376', 'superSystemManage', 'RS000401', '2016-03-31 23:44:58', '0', null, null), ('7391', 'superSystemManage', 'RS000402', '2016-04-01 14:52:21', '0', null, null), ('7392', 'superSystemManage', 'RS000403', '2016-04-01 23:15:01', '0', null, null), ('7393', 'superSystemManage', 'RS000404', '2016-04-02 12:54:53', '0', null, null), ('7394', 'superSystemManage', 'RS000405', '2016-04-02 13:51:48', '0', null, null), ('7395', 'superSystemManage', 'RS000406', '2016-04-02 13:51:48', '0', null, null), ('7396', 'superSystemManage', 'RS000407', '2016-04-02 15:21:19', '0', null, null), ('7397', 'superSystemManage', 'RS000408', '2016-04-02 20:44:04', '0', null, null), ('7398', 'superSystemManage', 'RS000409', '2016-04-02 20:44:04', '0', null, null), ('7399', 'superSystemManage', 'RS000410', '2016-04-03 14:18:15', '0', null, null), ('7400', 'superSystemManage', 'RS000411', '2016-04-03 14:23:28', '0', null, null), ('7401', 'superSystemManage', 'RS000412', '2016-04-03 14:23:28', '0', null, null), ('7402', 'superSystemManage', 'RS000413', '2016-04-03 14:23:28', '0', null, null), ('7403', 'superSystemManage', 'RS000414', '2016-04-03 14:26:17', '0', null, null), ('7404', 'superSystemManage', 'RS000415', '2016-04-03 16:37:31', '0', null, null), ('7405', 'superSystemManage', 'RS000416', '2016-04-04 19:38:01', '0', null, null), ('7406', 'superSystemManage', 'RS000417', '2016-04-04 20:59:51', '0', null, null), ('7407', 'superSystemManage', 'RS000418', '2016-04-06 21:47:27', '0', null, null), ('7408', 'superSystemManage', 'RS000419', '2016-04-06 21:47:27', '0', null, null), ('7409', 'superSystemManage', 'RS000420', '2016-04-07 10:05:26', '0', null, null), ('7410', 'superSystemManage', 'RS000421', '2016-04-07 10:05:26', '0', null, null), ('7411', 'superSystemManage', 'RS000422', '2016-04-07 11:32:49', '0', null, null), ('7412', 'superSystemManage', 'RS000423', '2016-04-07 11:47:16', '0', null, null), ('7413', 'superSystemManage', 'RS000424', '2016-04-07 11:47:16', '0', null, null), ('7414', 'superSystemManage', 'RS000428', '2016-04-07 11:47:16', '0', null, null), ('7415', 'superSystemManage', 'RS000429', '2016-04-07 11:47:16', '0', null, null), ('7416', 'superSystemManage', 'RS000425', '2016-04-07 11:47:16', '0', null, null), ('7417', 'superSystemManage', 'RS000430', '2016-04-07 11:47:16', '0', null, null), ('7418', 'superSystemManage', 'RS000426', '2016-04-07 11:47:16', '0', null, null), ('7419', 'superSystemManage', 'RS000431', '2016-04-07 11:47:16', '0', null, null), ('7420', 'superSystemManage', 'RS000432', '2016-04-07 11:47:16', '0', null, null), ('7421', 'superSystemManage', 'RS000427', '2016-04-07 11:47:16', '0', null, null), ('7422', 'superSystemManage', 'RS000433', '2016-04-07 11:47:16', '0', null, null), ('7423', 'superSystemManage', 'RS000434', '2016-04-07 11:47:16', '0', null, null), ('7424', 'superSystemManage', 'RS000435', '2016-04-07 11:57:27', '0', null, null), ('7425', 'superSystemManage', 'RS000436', '2016-04-07 13:55:43', '0', null, null), ('7426', 'superSystemManage', 'RS000437', '2016-04-07 13:58:35', '0', null, null), ('7427', 'superSystemManage', 'RS000438', '2016-04-07 13:58:35', '0', null, null), ('7428', 'superSystemManage', 'RS000439', '2016-04-07 18:41:38', '0', null, null), ('7429', 'superSystemManage', 'RS000440', '2016-04-07 18:41:38', '0', null, null), ('7430', 'uat_test', 'RS000357', '2016-04-12 10:53:07', '0', null, null), ('7431', 'uat_test', 'RS000358', '2016-04-12 10:53:07', '0', null, null), ('7432', 'uat_test', 'RS000379', '2016-04-12 10:53:08', '0', null, null), ('7433', 'uat_test', 'RS000380', '2016-04-12 10:53:08', '0', null, null), ('7434', 'uat_test', 'RS000407', '2016-04-12 10:53:08', '0', null, null), ('7435', 'uat_test', 'RS000359', '2016-04-12 10:53:08', '0', null, null), ('7436', 'uat_test', 'RS000402', '2016-04-12 10:53:08', '0', null, null), ('7437', 'uat_test', 'RS000360', '2016-04-12 10:53:08', '0', null, null), ('7438', 'uat_test', 'RS000361', '2016-04-12 10:53:08', '0', null, null), ('7439', 'uat_test', 'RS000362', '2016-04-12 10:53:08', '0', null, null), ('7440', 'uat_test', 'RS000403', '2016-04-12 10:53:08', '0', null, null), ('7441', 'uat_test', 'RS000404', '2016-04-12 10:53:09', '0', null, null), ('7442', 'uat_test', 'RS000405', '2016-04-12 10:53:09', '0', null, null), ('7443', 'uat_test', 'RS000408', '2016-04-12 10:53:09', '0', null, null), ('7444', 'uat_test', 'RS000406', '2016-04-12 10:53:09', '0', null, null), ('7445', 'uat_test', 'RS000409', '2016-04-12 10:53:09', '0', null, null), ('7449', 'uat_test', 'RS000372', '2016-04-12 10:53:09', '0', null, null), ('7450', 'uat_test', 'RS000373', '2016-04-12 10:53:10', '0', null, null), ('7451', 'uat_test', 'RS000374', '2016-04-12 10:53:10', '0', null, null), ('7452', 'uat_test', 'RS000375', '2016-04-12 10:53:10', '0', null, null), ('7453', 'uat_test', 'RS000439', '2016-04-12 10:53:10', '0', null, null), ('7454', 'uat_test', 'RS000440', '2016-04-12 10:53:10', '0', null, null), ('7475', 'superSystemManage', 'RS000441', '2016-04-12 14:49:58', '0', null, null), ('7476', 'superSystemManage', 'RS000442', '2016-04-12 14:49:58', '0', null, null), ('7477', 'superSystemManage', 'RS000445', '2016-04-12 14:49:58', '0', null, null), ('7478', 'superSystemManage', 'RS000443', '2016-04-12 14:49:58', '0', null, null), ('7479', 'superSystemManage', 'RS000446', '2016-04-12 14:49:58', '0', null, null), ('7480', 'superSystemManage', 'RS000444', '2016-04-12 14:49:58', '0', null, null), ('7481', 'superSystemManage', 'RS000447', '2016-04-12 15:25:39', '0', null, null), ('7482', 'superSystemManage', 'RS000448', '2016-04-12 15:30:05', '0', null, null), ('7483', 'superSystemManage', 'RS000449', '2016-04-12 15:30:06', '0', null, null), ('7484', 'superSystemManage', 'RS000450', '2016-04-12 17:10:09', '0', null, null), ('7485', 'superSystemManage', 'RS000451', '2016-04-13 09:26:24', '0', null, null), ('7486', 'superSystemManage', 'RS000452', '2016-04-13 09:26:24', '0', null, null), ('7487', 'superSystemManage', 'RS000453', '2016-04-13 15:14:38', '0', null, null), ('7488', 'uat_test', 'RS000454', '2016-04-29 10:59:53', '0', null, null), ('7489', 'uat_test', 'RS000415', '2016-04-29 10:59:53', '0', null, null), ('7490', 'uat_test', 'RS000416', '2016-04-29 10:59:53', '0', null, null), ('7491', 'uat_test', 'RS000417', '2016-04-29 10:59:53', '0', null, null), ('7492', 'uat_test', 'RS000451', '2016-04-29 10:59:53', '0', null, null), ('7493', 'uat_test', 'RS000452', '2016-04-29 10:59:53', '0', null, null), ('7494', 'uat_test', 'RS000484', '2016-04-29 10:59:53', '0', null, null), ('7495', 'uat_test', 'RS000363', '2016-04-29 10:59:53', '0', null, null), ('7496', 'uat_test', 'RS000364', '2016-04-29 10:59:53', '0', null, null), ('7497', 'uat_test', 'RS000366', '2016-04-29 10:59:53', '0', null, null), ('7498', 'uat_test', 'RS000365', '2016-04-29 10:59:53', '0', null, null), ('7499', 'uat_test', 'RS000367', '2016-04-29 10:59:53', '0', null, null), ('7500', 'uat_test', 'RS000368', '2016-04-29 10:59:53', '0', null, null), ('7501', 'uat_test', 'RS000422', '2016-04-29 10:59:53', '0', null, null), ('7502', 'uat_test', 'RS000455', '2016-04-29 10:59:53', '0', null, null), ('7503', 'uat_test', 'RS000456', '2016-04-29 10:59:53', '0', null, null), ('7504', 'uat_test', 'RS000462', '2016-04-29 10:59:53', '0', null, null), ('7505', 'uat_test', 'RS000476', '2016-04-29 10:59:53', '0', null, null), ('7506', 'uat_test', 'RS000477', '2016-04-29 10:59:53', '0', null, null), ('7507', 'uat_test', 'RS000478', '2016-04-29 10:59:53', '0', null, null), ('7508', 'uat_test', 'RS000457', '2016-04-29 10:59:53', '0', null, null), ('7509', 'uat_test', 'RS000463', '2016-04-29 10:59:53', '0', null, null), ('7510', 'uat_test', 'RS000473', '2016-04-29 10:59:53', '0', null, null), ('7511', 'uat_test', 'RS000474', '2016-04-29 10:59:53', '0', null, null), ('7512', 'uat_test', 'RS000475', '2016-04-29 10:59:53', '0', null, null), ('7513', 'uat_test', 'RS000458', '2016-04-29 10:59:53', '0', null, null), ('7514', 'uat_test', 'RS000464', '2016-04-29 10:59:53', '0', null, null), ('7515', 'uat_test', 'RS000471', '2016-04-29 10:59:53', '0', null, null), ('7516', 'uat_test', 'RS000472', '2016-04-29 10:59:53', '0', null, null), ('7517', 'uat_test', 'RS000459', '2016-04-29 10:59:53', '0', null, null), ('7518', 'uat_test', 'RS000465', '2016-04-29 10:59:53', '0', null, null), ('7519', 'uat_test', 'RS000469', '2016-04-29 10:59:53', '0', null, null), ('7520', 'uat_test', 'RS000470', '2016-04-29 10:59:53', '0', null, null), ('7521', 'uat_test', 'RS000460', '2016-04-29 10:59:53', '0', null, null), ('7522', 'uat_test', 'RS000466', '2016-04-29 10:59:53', '0', null, null), ('7523', 'uat_test', 'RS000467', '2016-04-29 10:59:53', '0', null, null), ('7524', 'uat_test', 'RS000468', '2016-04-29 10:59:53', '0', null, null), ('7525', 'uat_test', 'RS000479', '2016-04-29 10:59:53', '0', null, null), ('7526', 'uat_test', 'RS000480', '2016-04-29 10:59:53', '0', null, null), ('7527', 'uat_test', 'RS000481', '2016-04-29 10:59:53', '0', null, null), ('7528', 'uat_test', 'RS000482', '2016-04-29 10:59:53', '0', null, null), ('7529', 'uat_test', 'RS000483', '2016-04-29 10:59:53', '0', null, null);
COMMIT;

-- ----------------------------
--  Table structure for `tbl_resource`
-- ----------------------------
DROP TABLE IF EXISTS `tbl_resource`;
CREATE TABLE `tbl_resource` (
  `ID` int(11) NOT NULL AUTO_INCREMENT,
  `CODE` varchar(20) DEFAULT NULL,
  `NAME` varchar(50) NOT NULL,
  `TYPE` varchar(10) NOT NULL,
  `IS_MENU` varchar(20) NOT NULL,
  `PERMISSION` varchar(60) DEFAULT NULL,
  `PARENT_CODE` varchar(20) DEFAULT NULL,
  `PARENT_NAME` varchar(200) DEFAULT NULL,
  `SORT_NO` int(10) DEFAULT NULL,
  `LAST_MODIFIED` datetime DEFAULT NULL,
  `FIRST_INSERT` datetime NOT NULL,
  `DELETED` int(1) DEFAULT '0' COMMENT '是否逻辑删除',
  `DELETE_TIME` datetime DEFAULT NULL,
  PRIMARY KEY (`ID`)
) ENGINE=InnoDB AUTO_INCREMENT=485 DEFAULT CHARSET=utf8;

-- ----------------------------
--  Records of `tbl_resource`
-- ----------------------------
BEGIN;
INSERT INTO `tbl_resource` VALUES ('1', 'resource', '资源信息', 'business', '是', 'resource', '', null, '1', null, '2016-02-26 16:05:24', '0', null), ('4', 'RS000219', '权限管理', 'business', '是', 'securityManage', 'resource', '资源信息', '1', '2016-02-26 17:06:06', '2016-02-26 17:05:53', '0', null), ('5', 'RS000220', '机构管理', 'business', '是', 'divisionManage', 'resource', '资源信息', '2', '2016-02-26 17:06:39', '2016-02-26 17:06:39', '0', null), ('6', 'RS000221', '部门管理', 'business', '是', 'departmentManage', 'resource', '资源信息', '3', '2016-02-26 17:07:07', '2016-02-26 17:07:07', '0', null), ('8', 'RS000223', '外勤管理', 'business', '是', 'partyRoleManage', 'resource', '资源信息', '5', '2016-04-28 00:22:45', '2016-02-26 17:07:59', '0', null), ('9', 'RS000224', '审核管理', 'business', '是', 'auditManage', 'resource', '资源信息', '6', '2016-02-26 17:08:14', '2016-02-26 17:08:14', '0', null), ('10', 'RS000225', '用户管理', 'business', '是', 'securityUserList', 'RS000219', '权限管理', '1', '2016-02-26 17:09:08', '2016-02-26 17:09:08', '0', null), ('11', 'RS000226', '角色管理', 'business', '是', 'securityRoleList', 'RS000219', '权限管理', '2', '2016-02-26 17:09:24', '2016-02-26 17:09:24', '0', null), ('12', 'RS000227', '资源录入', 'business', '是', 'resourceEntry', 'RS000219', '权限管理', '3', '2016-02-26 17:09:45', '2016-02-26 17:09:44', '0', null), ('13', 'RS000228', '资源修改', 'business', '是', 'resourceModify', 'RS000219', '权限管理', '4', '2016-02-26 17:10:02', '2016-02-26 17:10:02', '0', null), ('14', 'RS000229', '字典管理', 'business', '是', 'securityImList', 'RS000219', '权限管理', '5', '2016-02-26 17:10:58', '2016-02-26 17:10:58', '0', null), ('15', 'RS000230', '示例代码', 'business', '是', 'formTest', 'RS000219', '权限管理', '6', '2016-02-26 17:11:14', '2016-02-26 17:11:14', '0', null), ('16', 'RS000231', '机构录入', 'business', '是', 'divisionEntry', 'RS000220', '机构管理', '1', '2016-02-26 17:11:33', '2016-02-26 17:11:33', '0', null), ('17', 'RS000232', '机构修改', 'business', '是', 'divisionModify', 'RS000220', '机构管理', '2', '2016-02-26 17:11:44', '2016-02-26 17:11:44', '0', null), ('18', 'RS000233', '机构迁移', 'business', '是', 'divisionMigration', 'RS000220', '机构管理', '3', '2016-02-26 17:11:57', '2016-02-26 17:11:57', '0', null), ('19', 'RS000234', '部门录入', 'business', '是', 'departmentEntry', 'RS000221', '部门管理', '1', '2016-03-11 10:20:00', '2016-02-26 17:12:24', '0', null), ('20', 'RS000235', '部门修改', 'business', '是', 'departmentModify', 'RS000221', '部门管理', '2', '2016-02-26 17:12:39', '2016-02-26 17:12:39', '0', null), ('21', 'RS000236', '部门查询', 'business', '是', 'departmentSearch', 'RS000221', '部门管理', '3', '2016-02-26 17:12:52', '2016-02-26 17:12:52', '0', null), ('22', 'RS000237', '部门注销', 'business', '是', 'departmentDisable', 'RS000221', '部门管理', '4', '2016-04-03 16:35:51', '2016-02-26 17:13:04', '0', null), ('23', 'RS000238', '部门迁移', 'business', '是', 'departmentMigration', 'RS000221', '部门管理', '5', '2016-02-26 17:13:17', '2016-02-26 17:13:17', '0', null), ('29', 'RS000244', '外勤录入', 'business', '是', 'partyRoleEntry', 'RS000223', '外勤管理', '1', '2016-04-28 00:23:04', '2016-02-26 17:14:36', '0', null), ('30', 'RS000245', '外勤修改', 'business', '是', 'partyRoleModify', 'RS000223', '外勤管理', '2', '2016-02-26 17:14:47', '2016-02-26 17:14:47', '0', null), ('31', 'RS000246', '外勤查询', 'business', '是', 'partyRoleSearch', 'RS000223', '外勤管理', '3', '2016-02-26 17:14:56', '2016-02-26 17:14:56', '0', null), ('32', 'RS000247', '外勤离职', 'business', '是', 'partyRoleQuit', 'RS000223', '外勤管理', '4', '2016-02-26 17:15:07', '2016-02-26 17:15:07', '0', null), ('33', 'RS000248', '外勤调动', 'business', '是', 'partyRoleTransfer', 'RS000223', '外勤管理', '5', '2016-02-26 17:15:21', '2016-02-26 17:15:21', '0', null), ('35', 'RS000250', '审核流程', 'business', '是', 'flowTemplateEntry', 'RS000224', '审核管理', '1', '2016-02-26 17:15:51', '2016-02-26 17:15:51', '0', null), ('36', 'RS000251', '业务审核', 'business', '是', 'businessFlowEntry', 'RS000224', '审核管理', '2', '2016-02-26 17:16:04', '2016-02-26 17:16:04', '0', null), ('37', 'RS000252', '部门审核', 'business', '是', 'auditDepartmentEntry', 'RS000224', '审核管理', '3', '2016-02-26 17:16:13', '2016-02-26 17:16:13', '0', null), ('38', 'RS000253', '工员审核', 'business', '是', 'auditPartyRoleEntry', 'RS000224', '审核管理', '4', '2016-02-26 17:16:22', '2016-02-26 17:16:22', '0', null), ('39', 'RS000254', '列表', 'business', '否', '9000', 'RS000225', '用户管理', '1', '2016-02-26 17:17:57', '2016-02-26 17:17:57', '0', null), ('40', 'RS000255', '新增', 'business', '否', '9001', 'RS000225', '用户管理', '2', '2016-02-26 17:18:09', '2016-02-26 17:18:09', '0', null), ('41', 'RS000256', '修改', 'business', '否', 'userModify', 'RS000225', '用户管理', '3', '2016-02-29 16:53:04', '2016-02-26 17:18:26', '0', null), ('42', 'RS000257', '删除', 'business', '否', '9003', 'RS000225', '用户管理', '4', '2016-02-26 17:18:37', '2016-02-26 17:18:37', '0', null), ('43', 'RS000258', '密码', 'business', '否', 'modifyPassword', 'RS000225', '用户管理', '5', '2016-02-29 16:53:24', '2016-02-26 17:19:29', '0', null), ('44', 'RS000259', '列表', 'business', '否', '9100', 'RS000226', '角色管理', '1', '2016-02-26 17:20:32', '2016-02-26 17:20:32', '0', null), ('45', 'RS000260', '新增', 'business', '否', '9101', 'RS000226', '角色管理', '2', '2016-02-26 17:20:47', '2016-02-26 17:20:47', '0', null), ('46', 'RS000261', '修改', 'business', '否', 'modifyRole', 'RS000226', '角色管理', '3', '2016-02-29 17:14:49', '2016-02-26 17:20:54', '0', null), ('47', 'RS000262', '删除', 'business', '否', '9103', 'RS000226', '角色管理', '4', '2016-02-26 17:21:12', '2016-02-26 17:21:12', '0', null), ('48', 'RS000263', '新用户授权', 'business', '否', '9111', 'RS000226', '角色管理', '10', '2016-02-28 22:28:54', '2016-02-26 17:22:37', '0', null), ('49', 'RS000264', '用户授权预览', 'business', '否', 'viewPermissionUser', 'RS000226', '角色管理', '7', '2016-02-26 19:41:16', '2016-02-26 17:22:47', '0', null), ('50', 'RS000265', '预授权用户', 'business', '否', 'preAuthorizedUsers', 'RS000226', '角色管理', '9', '2016-02-26 19:52:16', '2016-02-26 17:23:30', '0', null), ('51', 'RS000266', '资源下拉', 'business', '否', 'resourceSelectList', 'RS000227', '资源录入', '1', '2016-02-26 17:24:38', '2016-02-26 17:24:38', '0', null), ('52', 'RS000267', '新增', 'business', '否', 'resourceHandle', 'RS000227', '资源录入', '2', '2016-02-26 17:24:47', '2016-02-26 17:24:47', '0', null), ('53', 'RS000268', '资源获取', 'business', '否', 'resourceList', 'RS000228', '资源修改', '1', '2016-02-26 17:25:38', '2016-02-26 17:25:38', '0', null), ('54', 'RS000269', '明细', 'business', '否', 'resourceGet', 'RS000228', '资源修改', '2', '2016-02-26 17:26:35', '2016-02-26 17:25:55', '0', null), ('55', 'RS000270', '修改', 'business', '否', 'resourceModify', 'RS000228', '资源修改', '3', '2016-02-26 17:26:11', '2016-02-26 17:26:11', '0', null), ('56', 'RS000271', '资源授权预览', 'business', '否', 'viewResource', 'RS000226', '角色管理', '5', '2016-02-26 19:29:41', '2016-02-26 19:27:52', '0', null), ('57', 'RS000272', '资源重新授权', 'business', '否', 'authorizeResource', 'RS000226', '角色管理', '6', '2016-02-26 19:30:15', '2016-02-26 19:28:37', '0', null), ('58', 'RS000273', '删除授权用户', 'business', '否', '9113', 'RS000226', '角色管理', '8', '2016-02-26 19:52:25', '2016-02-26 19:51:55', '0', null), ('59', 'RS000059', '菜单资源获取', 'global', '否', '9124', 'RS000284', '全局资源', '2', '2016-03-14 14:47:07', '2016-02-26 19:51:55', '0', null), ('274', 'RS000274', '部门录入', 'business', '否', 'departmentHandle', 'RS000234', '部门录入', '1', '2016-03-11 10:35:10', '2016-03-11 10:35:10', '0', null), ('275', 'RS000275', '机构下拉数据', 'global', '否', 'organizationPathAll', 'RS000284', '全局资源', '1', '2016-03-14 14:47:01', '2016-03-11 14:46:11', '0', null), ('276', 'RS000276', '创建', 'business', '否', 'divisionCreate', 'RS000231', '机构录入', '1', '2016-03-11 14:47:00', '2016-03-11 14:47:00', '0', null), ('277', 'RS000277', '详情', 'business', '否', 'divisionGet', 'RS000232', '机构修改', '2', '2016-03-11 14:47:56', '2016-03-11 14:47:56', '0', null), ('278', 'RS000278', '大类分页查询', 'business', '否', '1010', 'RS000229', '字典管理', '1', '2016-03-14 14:38:43', '2016-03-11 15:03:41', '0', null), ('279', 'RS000279', '大类新增', 'business', '否', '1011', 'RS000229', '字典管理', '2', '2016-03-14 14:38:58', '2016-03-11 15:08:20', '0', null), ('280', 'RS000280', '大类删除', 'business', '否', '1013', 'RS000229', '字典管理', '4', '2016-03-14 14:45:04', '2016-03-11 15:08:28', '0', null), ('281', 'RS000281', '分页查询', 'business', '否', 'partyRolePage', 'RS000244', '外勤录入', '1', '2016-03-11 17:10:41', '2016-03-11 17:10:41', '0', null), ('282', 'RS000282', '新增', 'business', '否', 'partyRoleHandle', 'RS000244', '外勤录入', '2', '2016-03-11 17:12:21', '2016-03-11 17:12:21', '0', null), ('283', 'RS000283', '人员明细', 'business', '否', 'partyRoleGet', 'RS000244', '外勤录入', '3', '2016-03-11 17:21:43', '2016-03-11 17:21:43', '0', null), ('284', 'RS000284', '全局资源', 'business', '是', 'global', 'resource', '资源信息', '21', '2016-03-14 14:31:21', '2016-03-14 10:39:15', '0', null), ('285', 'RS000285', '修改', 'business', '否', 'divisionModify', 'RS000232', '机构修改', '2', '2016-03-14 10:44:00', '2016-03-14 10:44:00', '0', null), ('286', 'RS000286', '提交审批', 'business', '否', 'divisionMigration', 'RS000233', '机构迁移', '1', '2016-03-14 10:45:16', '2016-03-14 10:45:16', '0', null), ('292', 'RS000292', '分页查询', 'business', '否', 'partyRoleModifyPage', 'RS000245', '外勤修改', '1', '2016-03-14 10:56:24', '2016-03-14 10:56:24', '0', null), ('293', 'RS000293', '分页查询', 'business', '否', 'partyRoleSearchPage', 'RS000246', '外勤查询', '1', '2016-03-14 10:56:34', '2016-03-14 10:56:34', '0', null), ('294', 'RS000294', '分页查询', 'business', '否', 'partyRoleQuitPage', 'RS000247', '外勤离职', '1', '2016-03-14 10:56:44', '2016-03-14 10:56:43', '0', null), ('295', 'RS000295', '分页查询', 'business', '否', 'partyRoleTransferPage', 'RS000248', '外勤调动', '1', '2016-03-14 10:56:54', '2016-03-14 10:56:54', '0', null), ('296', 'RS000296', '分页查询', 'business', '否', 'partyRoleImagePage', 'RS000249', '影像管理', '1', '2016-03-14 10:57:04', '2016-03-14 10:57:04', '0', null), ('297', 'RS000297', '修改', 'business', '否', 'partyRoleModify', 'RS000245', '外勤修改', '2', '2016-03-14 10:59:37', '2016-03-14 10:59:37', '0', null), ('298', 'RS000298', '明细', 'business', '否', 'partyRoleModifyGet', 'RS000245', '外勤修改', '3', '2016-03-14 11:08:44', '2016-03-14 11:08:44', '0', null), ('299', 'RS000299', '明细', 'business', '否', 'partyRoleSearchGet', 'RS000246', '外勤查询', '2', '2016-03-14 11:08:58', '2016-03-14 11:08:58', '0', null), ('300', 'RS000300', '明细', 'business', '否', 'partyRoleQuitGet', 'RS000247', '外勤离职', '2', '2016-03-14 11:09:08', '2016-03-14 11:09:08', '0', null), ('301', 'RS000301', '明细', 'business', '否', 'partyRoleTransferGet', 'RS000248', '外勤调动', '2', '2016-03-14 11:09:20', '2016-03-14 11:09:20', '0', null), ('302', 'RS000302', '明细', 'business', '否', 'partyRoleImageGet', 'RS000249', '影像管理', '2', '2016-03-14 11:09:39', '2016-03-14 11:09:39', '0', null), ('303', 'RS000303', '其他明细', 'business', '否', 'partyRoleModifyInfo', 'RS000245', '外勤修改', '4', '2016-03-14 11:30:39', '2016-03-14 11:30:39', '0', null), ('304', 'RS000304', '其他明细', 'business', '否', 'partyRoleSearchInfo', 'RS000246', '外勤查询', '3', '2016-03-14 11:30:51', '2016-03-14 11:30:51', '0', null), ('305', 'RS000305', '其他明细', 'business', '否', 'partyRoleQuitInfo', 'RS000247', '外勤离职', '3', '2016-03-14 11:31:01', '2016-03-14 11:31:01', '0', null), ('306', 'RS000306', '其他明细', 'business', '否', 'partyRoleTransferInfo', 'RS000248', '外勤调动', '3', '2016-03-14 11:31:11', '2016-03-14 11:31:11', '0', null), ('307', 'RS000307', '其他明细', 'business', '否', 'partyRoleImageInfo', 'RS000249', '影像管理', '3', '2016-03-14 11:31:23', '2016-03-14 11:31:23', '0', null), ('308', 'RS000308', '其他明细', 'business', '否', 'partyRoleInfo', 'RS000244', '外勤录入', '3', '2016-03-14 11:36:55', '2016-03-14 11:36:55', '0', null), ('309', 'RS000309', '分页查询', 'business', '否', 'flowTemplatePage', 'RS000250', '审核流程', '1', '2016-03-14 11:50:56', '2016-03-14 11:50:56', '0', null), ('310', 'RS000310', '流程编码', 'business', '否', 'flowTemplateStepNo', 'RS000250', '审核流程', '2', '2016-03-14 11:51:43', '2016-03-14 11:51:42', '0', null), ('311', 'RS000311', '新增', 'business', '否', 'flowTemplateHandle', 'RS000250', '审核流程', '3', '2016-03-14 11:52:27', '2016-03-14 11:52:26', '0', null), ('312', 'RS000312', '修改', 'business', '否', 'flowTemplateModify', 'RS000250', '审核流程', '4', '2016-03-14 11:53:52', '2016-03-14 11:53:52', '0', null), ('313', 'RS000313', '删除', 'business', '否', 'flowTemplateRemove', 'RS000250', '审核流程', '5', '2016-03-14 14:12:24', '2016-03-14 14:12:23', '0', null), ('314', 'RS000314', '分页查询', 'business', '否', 'businessFlowPage', 'RS000251', '业务审核', '1', '2016-03-14 14:13:23', '2016-03-14 14:13:23', '0', null), ('315', 'RS000315', '新增', 'business', '否', 'businessFlowHandle', 'RS000251', '业务审核', '2', '2016-03-14 14:14:35', '2016-03-14 14:14:35', '0', null), ('316', 'RS000316', '修改', 'business', '否', 'businessFlowModify', 'RS000251', '业务审核', '3', '2016-03-14 14:14:43', '2016-03-14 14:14:43', '0', null), ('317', 'RS000317', '删除', 'business', '否', 'businessFlowRemove', 'RS000251', '业务审核', '4', '2016-03-14 14:14:55', '2016-03-14 14:14:55', '0', null), ('318', 'RS000318', '提交审核', 'business', '否', 'businessFlowAuditCommit', 'RS000251', '业务审核', '5', '2016-03-14 14:19:05', '2016-03-14 14:15:30', '0', null), ('319', 'RS000319', '拒绝', 'business', '否', 'businessFlowRefuseFlow', 'RS000251', '业务审核', '6', '2016-03-14 14:15:47', '2016-03-14 14:15:47', '0', null), ('320', 'RS000320', '明细', 'business', '否', 'businessFlowDetails', 'RS000251', '业务审核', '7', '2016-03-14 14:16:57', '2016-03-14 14:16:57', '0', null), ('321', 'RS000321', '通过', 'business', '否', 'businessFlowAuditFlow', 'RS000251', '业务审核', '8', '2016-03-14 14:19:28', '2016-03-14 14:19:28', '0', null), ('322', 'RS000322', '数据字典下拉', 'global', '否', '1026', 'RS000284', '全局资源', '3', '2016-03-14 14:31:58', '2016-03-14 14:31:58', '0', null), ('323', 'RS000323', '字典大类下拉', 'global', '否', '1002', 'RS000284', '全局资源', '4', '2016-03-14 14:32:58', '2016-03-14 14:32:58', '0', null), ('324', 'RS000324', '大类修改', 'business', '否', 'imCodeTypeModify', 'RS000229', '字典管理', '3', '2016-03-14 14:45:16', '2016-03-14 14:40:15', '0', null), ('325', 'RS000325', '字典项分页查询', 'business', '否', '1020', 'RS000229', '字典管理', '5', '2016-03-14 14:42:42', '2016-03-14 14:42:42', '0', null), ('326', 'RS000326', '字典项新增', 'business', '否', '1021', 'RS000229', '字典管理', '6', '2016-03-14 14:43:44', '2016-03-14 14:43:44', '0', null), ('327', 'RS000327', '字典项修改', 'business', '否', 'imCodeListModify', 'RS000229', '字典管理', '7', '2016-03-14 14:44:21', '2016-03-14 14:44:21', '0', null), ('328', 'RS000328', '字典项删除', 'business', '否', '1023', 'RS000229', '字典管理', '8', '2016-03-14 14:44:35', '2016-03-14 14:44:35', '0', null), ('329', 'RS000329', '产品管理', 'business', '是', 'productManage', 'resource', '资源信息', '7', '2016-03-15 16:49:27', '2016-03-15 16:49:27', '0', null), ('330', 'RS000330', '产品录入', 'business', '是', 'productEntry', 'RS000329', '产品管理', '1', '2016-03-15 16:49:52', '2016-03-15 16:49:52', '0', null), ('331', 'RS000331', '产品修改', 'business', '是', 'productModify', 'RS000329', '产品管理', '2', '2016-03-15 16:50:01', '2016-03-15 16:50:01', '0', null), ('332', 'RS000332', '产品查询', 'business', '是', 'productSearch', 'RS000329', '产品管理', '3', '2016-03-15 16:50:10', '2016-03-15 16:50:10', '0', null), ('333', 'RS000333', '分页查询', 'business', '否', 'productPage', 'RS000330', '产品录入', '1', '2016-03-15 16:54:33', '2016-03-15 16:54:33', '0', null), ('334', 'RS000334', '新增', 'business', '否', 'productHandle', 'RS000330', '产品录入', '2', '2016-03-15 16:54:50', '2016-03-15 16:54:50', '0', null), ('335', 'RS000335', '删除', 'business', '否', 'productDelete', 'RS000330', '产品录入', '3', '2016-03-15 16:55:35', '2016-03-15 16:55:35', '0', null), ('336', 'RS000336', '分页查询', 'business', '否', 'productModifyPage', 'RS000331', '产品修改', '1', '2016-03-15 16:56:04', '2016-03-15 16:56:04', '0', null), ('337', 'RS000337', '修改', 'business', '否', 'productModify', 'RS000331', '产品修改', '2', '2016-03-15 16:56:16', '2016-03-15 16:56:15', '0', null), ('338', 'RS000338', '分页查询', 'business', '否', 'productSearchPage', 'RS000332', '产品查询', '1', '2016-03-15 16:56:50', '2016-03-15 16:56:50', '0', null), ('339', 'RS000339', '明细', 'business', '否', 'productGet', 'RS000330', '产品录入', '4', '2016-03-15 17:36:50', '2016-03-15 17:36:50', '0', null), ('340', 'RS000340', '明细', 'business', '否', 'productModifyGet', 'RS000331', '产品修改', '3', '2016-03-15 17:37:08', '2016-03-15 17:37:08', '0', null), ('341', 'RS000341', '明细', 'business', '否', 'productSearchGet', 'RS000332', '产品查询', '2', '2016-03-15 17:37:23', '2016-03-15 17:37:23', '0', null), ('342', 'RS000342', '产品删除', 'business', '是', 'productRemove', 'RS000329', '产品管理', '4', '2016-03-17 17:28:38', '2016-03-17 17:28:38', '0', null), ('343', 'RS000343', '分页查询', 'business', '否', 'productRemovePage', 'RS000342', '产品删除', '1', '2016-03-17 17:29:50', '2016-03-17 17:29:50', '0', null), ('344', 'RS000344', '明细', 'business', '否', 'productRemoveGet', 'RS000342', '产品删除', '2', '2016-03-17 17:30:09', '2016-03-17 17:30:09', '0', null), ('345', 'RS000345', '删除', 'business', '否', 'productDelete', 'RS000342', '产品删除', '3', '2016-03-17 17:30:17', '2016-03-17 17:30:17', '0', null), ('346', 'RS000346', '期次录入', 'business', '是', 'raisingPeriodEntry', 'RS000329', '产品管理', '5', '2016-03-18 09:58:29', '2016-03-18 09:58:29', '0', null), ('347', 'RS000347', '期次修改', 'business', '是', 'raisingPeriodModify', 'RS000329', '产品管理', '6', '2016-03-18 09:58:41', '2016-03-18 09:58:41', '0', null), ('348', 'RS000348', '分页查询', 'business', '否', 'raisingPeriodPage', 'RS000346', '期次录入', '1', '2016-03-18 09:59:55', '2016-03-18 09:59:55', '0', null), ('349', 'RS000349', '新增', 'business', '否', 'raisingPeriodHandle', 'RS000346', '期次录入', '2', '2016-03-18 10:00:10', '2016-03-18 10:00:10', '0', null), ('350', 'RS000350', '明细', 'business', '否', 'raisingPeriodGet', 'RS000346', '期次录入', '3', '2016-03-18 10:00:23', '2016-03-18 10:00:22', '0', null), ('351', 'RS000351', '分页查询', 'business', '否', 'raisingPeriodModifyPage', 'RS000347', '期次修改', '1', '2016-03-18 10:00:55', '2016-03-18 10:00:55', '0', null), ('352', 'RS000352', '修改', 'business', '否', 'raisingPeriodModify', 'RS000347', '期次修改', '2', '2016-03-18 10:01:06', '2016-03-18 10:01:06', '0', null), ('353', 'RS000353', '明细', 'business', '否', 'raisingPeriodModifyGet', 'RS000347', '期次修改', '3', '2016-03-18 10:01:16', '2016-03-18 10:01:16', '0', null), ('354', 'RS000354', '产品下拉查询', 'global', '否', 'selectProductPage', 'RS000284', '全局资源', '5', '2016-03-18 14:55:38', '2016-03-18 14:54:49', '0', null), ('355', 'RS000355', '获取部门', 'business', '否', 'departmentGet', 'RS000235', '部门修改', '1', '2016-03-20 20:45:26', '2016-03-20 20:45:26', '0', null), ('357', 'RS000357', '合同管理', 'business', '是', '合同管理', 'resource', '资源信息', '9', '2016-04-01 22:25:17', '2016-03-21 19:23:14', '0', null), ('358', 'RS000358', '合同录入', 'business', '是', 'financialAgreementEntry', 'RS000357', '业务管理', '1', '2016-04-01 22:26:24', '2016-03-21 19:23:49', '0', null), ('359', 'RS000359', '合同修改', 'business', '是', 'financialAgreementModify', 'RS000357', '业务管理', '2', '2016-04-01 22:26:35', '2016-03-21 19:25:26', '0', null), ('360', 'RS000360', '合同查询', 'business', '是', 'financialAgreementSearch', 'RS000357', '业务管理', '3', '2016-04-01 22:26:46', '2016-03-21 19:25:53', '0', null), ('361', 'RS000361', '业务数据导入', 'business', '是', 'contractImport', 'RS000357', '业务管理', '4', '2016-03-21 20:18:15', '2016-03-21 19:26:06', '0', null), ('362', 'RS000362', '财务数据导入', 'business', '是', 'accountBillImport', 'RS000357', '业务管理', '5', '2016-03-21 19:26:38', '2016-03-21 19:26:38', '0', null), ('363', 'RS000363', '募集期管理', 'business', '是', 'raisingPeriodManage', 'resource', '资源信息', '8', '2016-03-24 10:04:46', '2016-03-22 11:31:25', '0', null), ('364', 'RS000364', '认购额度管理', 'business', '是', 'subscriptionM', 'RS000363', '募集期管理', '1', '2016-03-22 11:32:08', '2016-03-22 11:32:08', '0', null), ('365', 'RS000365', '募集期次管理', 'business', '是', 'subscriptionV', 'RS000363', '募集期管理', '2', '2016-03-22 11:32:41', '2016-03-22 11:32:40', '0', null), ('366', 'RS000366', '分页查询', 'business', '否', 'raisingPeriodMPage', 'RS000364', '认购额度管理', '1', '2016-03-22 11:33:25', '2016-03-22 11:33:25', '0', null), ('367', 'RS000367', '分页查询', 'business', '否', 'raisingPeriodVPage', 'RS000365', '募集期次管理', '1', '2016-03-22 11:33:37', '2016-03-22 11:33:37', '0', null), ('368', 'RS000368', '变更至期，利率', 'business', '否', 'raisingPeriodChange', 'RS000365', '募集期次管理', '2', '2016-03-22 13:05:31', '2016-03-22 13:05:31', '0', null), ('369', 'RS000369', '批处理管理', 'business', '是', 'taskManager', 'resource', '资源信息', '9', '2016-03-24 10:04:57', '2016-03-22 14:39:08', '0', null), ('370', 'RS000370', '批处理分页查询', 'business', '否', 'taskManagerPage', 'RS000369', '批处理管理', '1', '2016-03-22 14:41:38', '2016-03-22 14:41:38', '0', null), ('371', 'RS000371', '批处理新增', 'business', '否', 'taskManagerHandle', 'RS000369', '批处理管理', '1', '2016-03-22 14:41:52', '2016-03-22 14:41:52', '0', null), ('372', 'RS000372', '影像件管理', 'business', '是', 'partyRoleImageStore', 'resource', '资源信息', '0', '2016-03-25 16:28:31', '2016-03-25 16:28:31', '0', null), ('373', 'RS000373', '人员影像件', 'business', '是', 'partyRoleImageStore', 'RS000372', '影像件管理', '0', '2016-03-25 16:28:55', '2016-03-25 16:28:55', '0', null), ('374', 'RS000374', '查询影像件', 'business', '否', 'findImageStore', 'RS000373', '人员影像件', '0', '2016-03-25 17:47:43', '2016-03-25 17:47:43', '0', null), ('375', 'RS000375', '删除影像件', 'business', '否', 'imageStoreDelete', 'RS000373', '人员影像件', '1', '2016-03-27 12:52:57', '2016-03-27 12:52:57', '0', null), ('376', 'RS000376', '期次删除', 'business', '是', 'raisingPeriodRemove', 'RS000329', '产品管理', '7', '2016-03-28 10:24:42', '2016-03-28 10:24:42', '0', null), ('377', 'RS000377', '分页查询', 'business', '否', 'raisingPeriodRemovePage', 'RS000376', '期次删除', '1', '2016-03-28 10:30:40', '2016-03-28 10:26:23', '0', null), ('378', 'RS000378', '删除', 'business', '否', 'raisingPeriodDelete', 'RS000376', '期次删除', '22', '2016-03-28 10:54:50', '2016-03-28 10:26:37', '0', null), ('379', 'RS000379', '合同分页查询', 'business', '否', 'financialAgreementPage', 'RS000358', '业务数据录入', '1', '2016-04-01 22:27:08', '2016-03-28 10:38:13', '0', null), ('380', 'RS000380', '新增', 'business', '否', 'financialAgreementHandle', 'RS000358', '业务数据录入', '2', '2016-03-28 10:48:38', '2016-03-28 10:37:03', '0', null), ('381', 'RS000381', '推荐人查询', 'global', '否', 'partyRolePageBy', 'RS000284', '全局资源', '1', '2016-03-28 17:26:47', '2016-03-28 17:26:47', '0', null), ('382', 'RS000382', '查询部门上级机构信息', 'business', '否', 'departmentDivGet', 'RS000234', '部门录入', '2', '2016-03-28 22:18:52', '2016-03-28 22:18:52', '0', null), ('383', 'RS000383', '检查业务员是否为空', 'business', '否', 'departmentCheckEmp', 'RS000234', '部门录入', '3', '2016-03-28 22:19:18', '2016-03-28 22:19:18', '0', null), ('384', 'RS000384', '募集期次下拉查询', 'business', '否', 'raisingPeriodSelectPage', 'RS000284', '全局资源', '8', '2016-03-29 10:24:20', '2016-03-29 10:23:57', '0', null), ('385', 'RS000385', '离职', 'business', '否', 'partyRoleQuit', 'RS000247', '外勤离职', '4', '2016-03-29 14:49:53', '2016-03-29 14:49:53', '0', null), ('386', 'RS000386', '迁移', 'business', '否', 'partyRoleTransfer', 'RS000248', '外勤调动', '4', '2016-03-30 10:29:32', '2016-03-30 10:29:32', '0', null), ('387', 'RS000387', '薪酬管理', 'business', '是', 'a', 'resource', '资源信息', '0', '2016-03-31 13:43:45', '2016-03-31 13:43:45', '0', null), ('388', 'RS000388', '应发薪酬查询', 'business', '是', 'commissionAccount', 'RS000387', '薪酬管理', '0', '2016-03-31 13:48:13', '2016-03-31 13:44:25', '0', null), ('389', 'RS000389', '分页查询', 'business', '否', 'commissionAccountPage', 'RS000388', '应发薪酬查询', '0', '2016-03-31 13:44:46', '2016-03-31 13:44:46', '0', null), ('390', 'RS000390', '实发薪酬查询', 'business', '是', 'monthPaymentDetail', 'RS000387', '薪酬管理', '1', '2016-03-31 14:26:47', '2016-03-31 14:21:42', '0', null), ('391', 'RS000391', '分页查询', 'business', '否', 'monthPaymentDetailPage', 'RS000390', '实发薪酬查询', '1', '2016-03-31 14:27:21', '2016-03-31 14:22:07', '0', null), ('392', 'RS000392', '薪酬调整', 'business', '是', 'mpeAdjustmentDirect', 'RS000387', '薪酬管理', '0', '2016-03-31 16:27:43', '2016-03-31 16:27:43', '0', null), ('393', 'RS000393', '薪酬缓发', 'business', '是', 'mpeAdjustmentDelay', 'RS000387', '薪酬管理', '0', '2016-03-31 16:29:58', '2016-03-31 16:29:58', '0', null), ('394', 'RS000394', '薪酬解冻', 'business', '是', 'mpeAdjustmentPetch', 'RS000387', '薪酬管理', '0', '2016-03-31 16:30:10', '2016-03-31 16:30:10', '0', null), ('395', 'RS000395', '分页查询', 'business', '否', 'mpeAdjustmentDirectPage', 'RS000392', '薪酬调整', '0', '2016-03-31 16:38:26', '2016-03-31 16:38:25', '0', null), ('396', 'RS000396', '调整', 'business', '否', 'mpeAdjustmentDirectHandle', 'RS000392', '薪酬调整', '0', '2016-03-31 16:38:55', '2016-03-31 16:38:55', '0', null), ('397', 'RS000397', '缓发', 'business', '否', 'mpeAdjustmentDelayHandle', 'RS000393', '薪酬缓发', '0', '2016-03-31 16:41:22', '2016-03-31 16:40:01', '0', null), ('398', 'RS000398', '分页查询', 'business', '否', 'mpeAdjustmentDelayPage', 'RS000393', '薪酬缓发', '0', '2016-03-31 16:40:22', '2016-03-31 16:40:21', '0', null), ('399', 'RS000399', '分页查询', 'business', '否', 'mpeAdjustmentPetchPage', 'RS000394', '薪酬解冻', '0', '2016-03-31 16:40:36', '2016-03-31 16:40:36', '0', null), ('400', 'RS000400', '解冻', 'business', '否', 'mpeAdjustmentPetchHandle', 'RS000394', '薪酬解冻', '0', '2016-03-31 16:40:48', '2016-03-31 16:40:48', '0', null), ('401', 'RS000401', '合同单笔交易查询', 'global', '否', 'financialAgreementGet', 'RS000284', '全局资源', '10', '2016-03-31 23:44:24', '2016-03-31 23:44:24', '0', null), ('402', 'RS000402', '合同修改', 'business', '否', 'financialAgreementEditor', 'RS000359', '业务数据修改', '1', '2016-04-01 22:27:23', '2016-04-01 14:49:58', '0', null), ('403', 'RS000403', '合同审核', 'business', '是', 'financialAgreementAudit', 'RS000357', '合同管理', '5', '2016-04-01 23:15:52', '2016-04-01 23:14:45', '0', null), ('404', 'RS000404', '到账确认', 'business', '是', 'financialAgreementConfirm', 'RS000357', '合同管理', '6', '2016-04-02 12:54:35', '2016-04-02 12:54:35', '0', null), ('405', 'RS000405', '合同退款', 'business', '是', 'financialAgreementRefund', 'RS000357', '合同管理', '7', '2016-04-02 13:51:14', '2016-04-02 13:51:14', '0', null), ('406', 'RS000406', '合同取消', 'business', '是', 'financialAgreementCancel', 'RS000357', '合同管理', '8', '2016-04-02 13:51:26', '2016-04-02 13:51:26', '0', null), ('407', 'RS000407', '合同超额募集检查', 'business', '否', 'overPurchaseAmountCheck', 'RS000358', '合同录入', '4', '2016-04-02 15:21:00', '2016-04-02 15:21:00', '0', null), ('408', 'RS000408', '合同退款请求', 'business', '否', 'financialAgreementRefund', 'RS000405', '合同退款', '1', '2016-04-02 20:43:06', '2016-04-02 20:43:06', '0', null), ('409', 'RS000409', '合同取消请求', 'business', '否', 'financialAgreementCancel', 'RS000406', '合同取消', '2', '2016-04-02 20:43:26', '2016-04-02 20:43:26', '0', null), ('411', 'RS000411', '分页查询', 'business', '否', 'partyRoleAuditPage', 'RS000410', '外勤审核', '1', '2016-04-03 14:22:12', '2016-04-03 14:22:12', '0', null), ('412', 'RS000412', '明细', 'business', '否', 'partyRoleAuditGet', 'RS000410', '外勤审核', '2', '2016-04-03 14:22:38', '2016-04-03 14:22:38', '0', null), ('413', 'RS000413', '其他信息', 'business', '否', 'partyRoleAuditInfo', 'RS000410', '外勤审核', '3', '2016-04-03 14:23:14', '2016-04-03 14:23:14', '0', null), ('414', 'RS000414', '审核', 'business', '否', 'partyRoleAdult', 'RS000410', '外勤审核', '4', '2016-04-03 14:25:40', '2016-04-03 14:25:40', '0', null), ('415', 'RS000415', '部门注销请求', 'business', '否', 'departmentDisable', 'RS000237', '部门停用', '1', '2016-04-03 16:33:04', '2016-04-03 16:33:04', '0', null), ('416', 'RS000416', '部门迁移请求', 'business', '否', 'departmenttMigration', 'RS000238', '部门迁移', '1', '2016-04-04 19:37:31', '2016-04-04 19:37:31', '0', null), ('417', 'RS000417', '部门迁移审核', 'business', '是', 'departmentMigrationAudit', 'RS000221', '部门管理', '6', '2016-04-04 20:59:23', '2016-04-04 20:59:22', '0', null), ('418', 'RS000418', '客户收益管理', 'business', '是', 'customerBenefitMange', 'resource', '资源信息', '10', '2016-04-06 21:46:32', '2016-04-06 21:46:32', '0', null), ('419', 'RS000419', '客户收益查询', 'business', '是', 'benefitSearch', 'RS000418', '客户收益管理', '1', '2016-04-06 21:47:08', '2016-04-06 21:47:08', '0', null), ('420', 'RS000420', '分页查询', 'business', '否', 'benefitSearchPage', 'RS000419', '客户收益查询', '1', '2016-04-06 21:52:19', '2016-04-06 21:52:19', '0', null), ('421', 'RS000421', '收益查询', 'business', '否', 'financialAccountFind', 'RS000419', '客户收益查询', '2', '2016-04-06 21:52:37', '2016-04-06 21:52:37', '0', null), ('422', 'RS000422', '关闭前校验', 'business', '否', 'raisingPeriodChangeGet', 'RS000365', '募集期次管理', '3', '2016-04-07 11:32:05', '2016-04-07 11:32:05', '0', null), ('423', 'RS000423', '奖罚管理', 'business', '是', 'b', 'resource', '资源信息', '1', '2016-04-07 11:40:26', '2016-04-07 11:40:26', '0', null), ('424', 'RS000424', '奖罚录入', 'business', '是', 'paymentAdjustmentEntry', 'RS000423', '奖罚管理', '1', '2016-04-07 11:40:58', '2016-04-07 11:40:58', '0', null), ('425', 'RS000425', '奖罚查询', 'business', '是', 'paymentAdjustmentQuery', 'RS000423', '奖罚管理', '1', '2016-04-07 11:41:12', '2016-04-07 11:41:12', '0', null), ('426', 'RS000426', '奖罚修改', 'business', '是', 'paymentAdjustmentEditor', 'RS000423', '奖罚管理', '1', '2016-04-07 11:41:55', '2016-04-07 11:41:55', '0', null), ('427', 'RS000427', '奖罚审核', 'business', '是', 'paymentAdjustmentAudit', 'RS000423', '奖罚管理', '1', '2016-04-07 11:42:04', '2016-04-07 11:42:04', '0', null), ('428', 'RS000428', '查询', 'business', '否', 'paymentAdjustmentEntryPage', 'RS000424', '奖罚录入', '0', '2016-04-07 11:42:55', '2016-04-07 11:42:55', '0', null), ('429', 'RS000429', '录入', 'business', '否', 'paymentAdjustmentEntry', 'RS000424', '奖罚录入', '0', '2016-04-07 11:45:41', '2016-04-07 11:45:41', '0', null), ('430', 'RS000430', '查询', 'business', '否', 'paymentAdjustmentQueryPage', 'RS000425', '奖罚查询', '0', '2016-04-07 11:46:03', '2016-04-07 11:46:03', '0', null), ('431', 'RS000431', '查询', 'business', '否', 'paymentAdjustmentEditorPage', 'RS000426', '奖罚修改', '0', '2016-04-07 11:46:17', '2016-04-07 11:46:17', '0', null), ('432', 'RS000432', '修改', 'business', '否', 'paymentAdjustmentEditor', 'RS000426', '奖罚修改', '0', '2016-04-07 11:46:35', '2016-04-07 11:46:35', '0', null), ('433', 'RS000433', '查询', 'business', '否', 'paymentAdjustmentAuditPage', 'RS000427', '奖罚审核', '0', '2016-04-07 11:46:51', '2016-04-07 11:46:51', '0', null), ('434', 'RS000434', '审核', 'business', '否', 'paymentAdjustmentAudit', 'RS000427', '奖罚审核', '0', '2016-04-07 11:47:02', '2016-04-07 11:47:02', '0', null), ('435', 'RS000435', '客户收益结算', 'business', '是', 'benefitPay', 'RS000418', '客户收益管理', '2', '2016-04-07 11:56:42', '2016-04-07 11:56:42', '0', null), ('436', 'RS000436', '分页查询', 'business', '否', 'benefitFinancialAccountPage', 'RS000435', '客户收益结算', '1', '2016-04-07 14:20:40', '2016-04-07 13:53:51', '0', null), ('437', 'RS000437', '初始化支付数据', 'business', '否', 'financialAccountGet', 'RS000435', '客户收益结算', '2', '2016-04-07 13:58:11', '2016-04-07 13:58:11', '0', null), ('438', 'RS000438', '支付', 'business', '否', 'financialAccountPay', 'RS000435', '客户收益结算', '3', '2016-04-07 13:58:24', '2016-04-07 13:58:24', '0', null), ('439', 'RS000439', '合同影像件', 'business', '是', 'agreementImageStore', 'RS000372', '影像件管理', '2', '2016-04-07 18:40:47', '2016-04-07 18:40:47', '0', null), ('440', 'RS000440', '合同分页查询', 'business', '否', 'agreementImagePage', 'RS000439', '合同影像件', '1', '2016-04-07 18:41:16', '2016-04-07 18:41:16', '0', null), ('441', 'RS000441', '考核管理', 'business', '是', 'checkManage', 'resource', '资源信息', '13', '2016-04-12 14:47:49', '2016-04-12 14:47:49', '0', null), ('442', 'RS000442', '考核查询', 'business', '是', 'checkResultSearch', 'RS000441', '考核管理', '1', '2016-04-12 14:48:14', '2016-04-12 14:48:13', '0', null), ('443', 'RS000443', '人员升降级', 'business', '是', 'relegationAdjust', 'RS000441', '考核管理', '2', '2016-04-12 15:24:59', '2016-04-12 14:48:24', '0', null), ('444', 'RS000444', '升降级确认', 'business', '是', 'relegationConfirm', 'RS000441', '考核管理', '3', '2016-04-12 14:48:36', '2016-04-12 14:48:36', '0', null), ('445', 'RS000445', '分页查询', 'business', '否', 'checkResultPage', 'RS000442', '考核查询', '1', '2016-04-12 14:49:10', '2016-04-12 14:49:10', '0', null), ('446', 'RS000446', '分页查询', 'business', '否', 'relegationAdjustPage', 'RS000443', '人员升降级', '1', '2016-04-12 19:46:16', '2016-04-12 14:49:35', '0', null), ('447', 'RS000447', '分页查询', 'business', '否', 'relegationConfirmPage', 'RS000444', '升降级确认', '1', '2016-04-12 15:25:25', '2016-04-12 15:25:25', '0', null), ('448', 'RS000448', '职级调整', 'business', '否', 'adjustRelegation', 'RS000443', '人员升降级', '2', '2016-04-12 15:29:30', '2016-04-12 15:29:30', '0', null), ('449', 'RS000449', '职级确认', 'business', '否', 'relegationConfirm', 'RS000444', '升降级确认', '2', '2016-04-12 15:29:55', '2016-04-12 15:29:55', '0', null), ('450', 'RS000450', '发放金额查询', 'business', '否', 'mpeAdjustmentDelayQuery', 'RS000393', '薪酬缓发', '0', '2016-04-12 17:09:45', '2016-04-12 17:09:45', '0', null), ('451', 'RS000451', '合同请求分页', 'business', '否', 'financialAgreementAuditPage', 'RS000403', '合同审核', '1', '2016-04-13 09:25:04', '2016-04-13 09:25:04', '0', null), ('452', 'RS000452', '到账请求分页', 'business', '否', 'financialAgreementAuditPage', 'RS000404', '到账确认', '1', '2016-04-13 09:25:24', '2016-04-13 09:25:24', '0', null), ('453', 'RS000453', '查询缓发数据', 'business', '否', 'mpeAdjustmentDelayQueryPage', 'RS000394', '薪酬解冻', '1', '2016-04-13 15:14:18', '2016-04-13 15:14:18', '0', null), ('454', 'RS000454', '导出', 'business', '否', 'partyRoleEntryExportExcel', 'RS000244', '外勤录入', '5', '2016-04-26 17:23:23', '2016-04-26 17:23:23', '0', null), ('455', 'RS000455', '内勤管理', 'business', '是', 'employeeManage', 'resource', '资源信息', '5', '2016-04-28 00:29:32', '2016-04-28 00:29:32', '0', null), ('456', 'RS000456', '内勤录入', 'business', '是', 'employeeEntry', 'RS000455', '内勤管理', '1', '2016-04-28 00:29:59', '2016-04-28 00:29:59', '0', null), ('457', 'RS000457', '内勤修改', 'business', '是', 'employeeModify', 'RS000455', '内勤管理', '2', '2016-04-28 00:30:16', '2016-04-28 00:30:15', '0', null), ('458', 'RS000458', '内勤查询', 'business', '是', 'employeeSearch', 'RS000455', '内勤管理', '3', '2016-04-28 00:30:33', '2016-04-28 00:30:33', '0', null), ('459', 'RS000459', '内勤离职', 'business', '是', 'employeeQuit', 'RS000455', '内勤管理', '4', '2016-04-28 00:30:50', '2016-04-28 00:30:50', '0', null), ('460', 'RS000460', '内勤调动', 'business', '是', 'employeeTransfer', 'RS000455', '内勤管理', '5', '2016-04-28 00:31:04', '2016-04-28 00:31:04', '0', null), ('462', 'RS000462', '分页查询', 'business', '否', 'employeePage', 'RS000456', '内勤录入', '1', '2016-04-28 14:22:59', '2016-04-28 14:22:59', '0', null), ('463', 'RS000463', '分页查询', 'business', '否', 'employeeModifyPage', 'RS000457', '内勤修改', '2', '2016-04-28 14:23:15', '2016-04-28 14:23:15', '0', null), ('464', 'RS000464', '分页查询', 'business', '否', 'employeeSearchPage', 'RS000458', '内勤查询', '1', '2016-04-28 14:23:34', '2016-04-28 14:23:34', '0', null), ('465', 'RS000465', '分页查询', 'business', '否', 'employeeQuitPage', 'RS000459', '内勤离职', '1', '2016-04-28 14:23:49', '2016-04-28 14:23:49', '0', null), ('466', 'RS000466', '分页查询', 'business', '否', 'employeeTransferPage', 'RS000460', '内勤调动', '1', '2016-04-28 14:24:03', '2016-04-28 14:24:03', '0', null), ('467', 'RS000467', '明细信息', 'business', '否', 'employeeTransferGet', 'RS000460', '内勤调动', '2', '2016-04-28 14:53:22', '2016-04-28 14:53:22', '0', null), ('468', 'RS000468', '更多', 'business', '否', 'employeeTransferInfo', 'RS000460', '内勤调动', '3', '2016-04-28 14:53:48', '2016-04-28 14:53:48', '0', null), ('469', 'RS000469', '更多', 'business', '否', 'employeeQuitInfo', 'RS000459', '内勤离职', '3', '2016-04-28 14:54:04', '2016-04-28 14:54:04', '0', null), ('470', 'RS000470', '明细信息', 'business', '否', 'employeeQuitGet', 'RS000459', '内勤离职', '2', '2016-04-28 14:54:21', '2016-04-28 14:54:21', '0', null), ('471', 'RS000471', '明细信息', 'business', '否', 'employeeSearchGet', 'RS000458', '内勤查询', '2', '2016-04-28 14:54:50', '2016-04-28 14:54:49', '0', null), ('472', 'RS000472', '更多信息', 'business', '否', 'employeeSearchInfo', 'RS000458', '内勤查询', '3', '2016-04-28 14:55:03', '2016-04-28 14:55:03', '0', null), ('473', 'RS000473', '更多信息', 'business', '否', 'employeeModifyInfo', 'RS000457', '内勤修改', '4', '2016-04-28 14:56:23', '2016-04-28 14:56:23', '0', null), ('474', 'RS000474', '明细信息', 'business', '否', 'employeeModifyGet', 'RS000457', '内勤修改', '3', '2016-04-28 14:56:39', '2016-04-28 14:56:39', '0', null), ('475', 'RS000475', '信息修改', 'business', '否', 'employeeModify', 'RS000457', '内勤修改', '2', '2016-04-28 14:56:59', '2016-04-28 14:56:59', '0', null), ('476', 'RS000476', '信息新增', 'business', '否', 'employeeHandle', 'RS000456', '内勤录入', '2', '2016-04-28 14:57:28', '2016-04-28 14:57:28', '0', null), ('477', 'RS000477', '明细信息', 'business', '否', 'employeeGet', 'RS000456', '内勤录入', '3', '2016-04-28 14:57:53', '2016-04-28 14:57:53', '0', null), ('478', 'RS000478', '更多信息', 'business', '否', 'employeeInfo', 'RS000456', '内勤录入', '4', '2016-04-28 14:58:27', '2016-04-28 14:58:27', '0', null), ('479', 'RS000479', '人员审核', 'business', '是', 'partyRoleAudit', 'resource', '资源信息', '4', '2016-04-28 16:59:00', '2016-04-28 16:57:35', '0', null), ('480', 'RS000480', '分页查询', 'business', '否', 'partyRoleAuditPage', 'RS000479', '人员审核', '1', '2016-04-28 17:02:19', '2016-04-28 16:59:20', '0', null), ('481', 'RS000481', '明细信息', 'business', '否', 'partyRoleAuditGet', 'RS000479', '人员审核', '2', '2016-04-28 17:02:55', '2016-04-28 17:02:55', '0', null), ('482', 'RS000482', '更多信息', 'business', '否', 'partyRoleAuditInfo', 'RS000479', '人员审核', '3', '2016-04-28 17:03:12', '2016-04-28 17:03:12', '0', null), ('483', 'RS000483', '审核操作', 'business', '否', 'partyRoleAdult', 'RS000479', '人员审核', '4', '2016-04-28 17:04:34', '2016-04-28 17:04:34', '0', null), ('484', 'RS000484', '分页查询', 'business', '否', 'partyRoleImagePage', 'RS000373', '人员影像件', '1', '2016-04-28 19:12:57', '2016-04-28 19:12:57', '0', null);
COMMIT;

-- ----------------------------
--  Table structure for `tbl_role`
-- ----------------------------
DROP TABLE IF EXISTS `tbl_role`;
CREATE TABLE `tbl_role` (
  `ID` int(11) NOT NULL AUTO_INCREMENT,
  `ROLE_CODE` varchar(50) NOT NULL,
  `ROLE_NAME` varchar(100) NOT NULL,
  `REMARK` varchar(100) DEFAULT NULL,
  `LAST_MODIFIED` datetime DEFAULT NULL,
  `FIRST_INSERT` datetime NOT NULL,
  `DELETED` int(1) NOT NULL DEFAULT '0' COMMENT '是否逻辑删除',
  `DELETE_TIME` datetime DEFAULT NULL,
  PRIMARY KEY (`ID`)
) ENGINE=InnoDB AUTO_INCREMENT=19 DEFAULT CHARSET=utf8;

-- ----------------------------
--  Records of `tbl_role`
-- ----------------------------
BEGIN;
INSERT INTO `tbl_role` VALUES ('2', 'systemManage', '系统管理员', '内勤管理人员', '2016-01-26 11:30:06', '2015-11-02 13:40:36', '0', null), ('4', 'superSystemManage', '超级管理员', '系统最高级别管理员', '2016-01-26 11:29:49', '2015-11-03 11:33:28', '0', null), ('12', 'deptMoveAuditRole', '部门迁移审核', '部门迁移审核', null, '2016-02-02 16:32:03', '0', null), ('14', 'uat_test', '用户测试人员', '用户初步测试，使用的角色权限', null, '2016-03-31 10:01:12', '0', null), ('15', 'AgreementAudit', '合同审核', '合同审核', null, '2016-03-31 11:59:19', '0', null), ('16', 'agreementPaidConfirm', '合同到账确认', '合同到账确认', null, '2016-03-31 14:19:52', '0', null), ('17', 'employeeAudit', '人员审核', '内外勤人员信息审核专用角色', null, '2016-04-03 13:57:41', '0', null), ('18', 'paymentAdjustment', '奖罚审核角色', '用于奖罚审核操作', '2016-04-08 14:20:08', '2016-04-08 14:19:08', '0', null);
COMMIT;

-- ----------------------------
--  Table structure for `tbl_table_sequence`
-- ----------------------------
DROP TABLE IF EXISTS `tbl_table_sequence`;
CREATE TABLE `tbl_table_sequence` (
  `id` int(11) NOT NULL AUTO_INCREMENT COMMENT '主键ID，生成策略，自动',
  `FIRST_INSERT` datetime NOT NULL COMMENT '记录创建时间',
  `LAST_MODIFIED` datetime DEFAULT NULL COMMENT '最后一次修改时间',
  `DELETED` int(1) NOT NULL DEFAULT '0' COMMENT '是否逻辑删除',
  `DELETE_TIME` datetime DEFAULT NULL COMMENT '逻辑删除时间',
  `TABLE_NAME` varchar(100) DEFAULT NULL COMMENT '表名',
  `SEQ_VALUE` int(20) DEFAULT NULL COMMENT 'SEQ 值',
  `DESC_` varchar(100) DEFAULT NULL COMMENT '业务描述',
  PRIMARY KEY (`id`)
) ENGINE=InnoDB AUTO_INCREMENT=21 DEFAULT CHARSET=utf8;

-- ----------------------------
--  Records of `tbl_table_sequence`
-- ----------------------------
BEGIN;
INSERT INTO `tbl_table_sequence` VALUES ('14', '2016-02-04 11:30:39', '2016-04-29 10:30:34', '0', null, 'io.dabing.chuangdao.entity.organization.Organization', '132', null), ('15', '2016-03-27 11:34:21', '2016-04-11 11:26:28', '0', null, 'io.dabing.chuangdao.entity.image.ImageStore', '22', null), ('20', '2016-03-30 17:36:43', '2016-04-20 10:53:08', '0', null, 'io.dabing.chuangdao.entity.customer.Customer', '22', null);
COMMIT;

-- ----------------------------
--  Table structure for `tbl_user`
-- ----------------------------
DROP TABLE IF EXISTS `tbl_user`;
CREATE TABLE `tbl_user` (
  `ID` int(11) NOT NULL AUTO_INCREMENT COMMENT '物理主键',
  `LOGIN_NAME` varchar(40) COLLATE utf8_bin DEFAULT NULL COMMENT '登陆账号',
  `PASSWORD` varchar(40) COLLATE utf8_bin DEFAULT NULL COMMENT '登陆密码',
  `NAME` varchar(40) COLLATE utf8_bin DEFAULT NULL COMMENT '姓名',
  `MOBILE` varchar(20) COLLATE utf8_bin DEFAULT NULL COMMENT '联系方式',
  `EMAIL` varchar(50) COLLATE utf8_bin DEFAULT NULL,
  `ORG_ID` int(11) DEFAULT NULL,
  `ORG_CODE` varchar(50) COLLATE utf8_bin DEFAULT NULL,
  `ORG_NAME` varchar(100) COLLATE utf8_bin DEFAULT NULL,
  `FIRST_INSERT` datetime DEFAULT NULL COMMENT '首次插入时间',
  `LAST_MODIFIED` datetime DEFAULT NULL COMMENT '最后修改时间',
  `DELETED` int(1) DEFAULT '0' COMMENT '是否逻辑删除',
  `DELETE_TIME` datetime DEFAULT NULL,
  PRIMARY KEY (`ID`)
) ENGINE=InnoDB AUTO_INCREMENT=26 DEFAULT CHARSET=utf8 COLLATE=utf8_bin;

-- ----------------------------
--  Records of `tbl_user`
-- ----------------------------
BEGIN;
INSERT INTO `tbl_user` VALUES ('1', 'ziv', '4e1d1518b61ec19d272f7a02523cd60c', '侯永峰', '13611732540', 'zivhung@163.com', '0', '10', '创道资本', '2015-10-22 07:48:14', '2016-04-29 11:01:12', '0', null), ('2', 'ookk', '4e1d1518b61ec19d272f7a02523cd60c', '阳葵', '13612345352', 'ookkaa@163.com', '28', '50', '安徽地区', '2015-10-22 10:01:47', '2016-03-24 10:50:05', '0', null), ('3', 'wanglijun', '4e1d1518b61ec19d272f7a02523cd60c', '王立君', '13644583843', 'wanglijun@163.com', '0', '10', '创道资本', '2015-10-22 10:01:47', '2016-03-22 17:29:26', '0', null), ('5', 'jiazhenyu', '4e1d1518b61ec19d272f7a02523cd60c', '贾振宇', '13611879720', 'jiazhenyu@163.com', '2', '100101', '济南分公司', '2016-01-08 17:49:32', '2016-03-22 16:32:30', '0', null), ('6', 'yuli', '4e1d1518b61ec19d272f7a02523cd60c', '虞力', '13761435776', 'yuli@163.com', '4', '2001', '济南二分公司', '2016-01-12 15:34:59', '2016-03-22 16:32:47', '0', null), ('17', 'audit', '4e1d1518b61ec19d272f7a02523cd60c', '部门迁移审核', '15502152629', 'audit@163.coom', '12', '20', '威海地区', '2016-02-02 17:26:01', '2016-02-29 17:11:08', '0', null), ('19', 'zonggongsi', '4e1d1518b61ec19d272f7a02523cd60c', '总公司', '1341265455', null, '0', '10', '创道资本', '2016-03-24 10:54:14', null, '0', null), ('20', 'shandongdiqu', '4e1d1518b61ec19d272f7a02523cd60c', '山东地区', '1361456789', null, '1', '1001', '山东地区', '2016-03-24 10:54:58', null, '0', null), ('21', 'anhuidiqu', '4e1d1518b61ec19d272f7a02523cd60c', '安徽地区', '13611732145', null, '28', '50', '安徽地区', '2016-03-24 10:55:36', null, '0', null), ('22', 'jinanfengongsi', '4e1d1518b61ec19d272f7a02523cd60c', '济南分公司', '13212341365', null, '2', '100101', '济南分公司', '2016-03-24 10:56:12', null, '0', null), ('23', 'jinanerfengongsi', '4e1d1518b61ec19d272f7a02523cd60c', '济南二分公司', '13645874956', null, '4', '2001', '济南二分公司', '2016-03-24 10:56:48', null, '0', null), ('24', 'maling', '4204d39f9694f43f0a80f49e1ad01dcb', '马凌', '18268177579', '', '0', '10', '创道资本', '2016-04-11 08:57:25', '2016-04-18 16:09:28', '0', null);
COMMIT;

-- ----------------------------
--  Table structure for `tbl_user_role`
-- ----------------------------
DROP TABLE IF EXISTS `tbl_user_role`;
CREATE TABLE `tbl_user_role` (
  `ID` int(11) NOT NULL AUTO_INCREMENT,
  `ROLE_ID` int(11) DEFAULT NULL,
  `USER_ID` int(11) DEFAULT NULL,
  `ROLE_CODE` varchar(50) DEFAULT NULL,
  `TENANT_ID` int(11) DEFAULT NULL COMMENT '租户主键',
  `LAST_MODIFIED` datetime DEFAULT NULL COMMENT '最后修改时间',
  `FIRST_INSERT` datetime DEFAULT NULL COMMENT '首次插入时间',
  `DELETED` int(1) DEFAULT '0' COMMENT '是否逻辑删除',
  `DELETE_TIME` datetime DEFAULT NULL,
  PRIMARY KEY (`ID`)
) ENGINE=InnoDB AUTO_INCREMENT=66 DEFAULT CHARSET=utf8;

-- ----------------------------
--  Records of `tbl_user_role`
-- ----------------------------
BEGIN;
INSERT INTO `tbl_user_role` VALUES ('29', null, '1', 'superSystemManage', null, null, '2016-03-31 10:02:44', '0', null), ('30', null, '17', 'superSystemManage', null, null, '2016-03-31 10:02:53', '0', null), ('31', null, '6', 'superSystemManage', null, null, '2016-03-31 10:02:54', '0', null), ('32', null, '5', 'superSystemManage', null, null, '2016-03-31 10:02:54', '0', null), ('33', null, '2', 'superSystemManage', null, null, '2016-03-31 10:02:55', '0', null), ('34', null, '3', 'superSystemManage', null, null, '2016-03-31 10:02:55', '0', null), ('35', null, '23', 'uat_test', null, null, '2016-03-31 10:03:18', '0', null), ('36', null, '22', 'uat_test', null, null, '2016-03-31 10:03:18', '0', null), ('37', null, '21', 'uat_test', null, null, '2016-03-31 10:03:19', '0', null), ('38', null, '20', 'uat_test', null, null, '2016-03-31 10:03:19', '0', null), ('39', null, '19', 'uat_test', null, null, '2016-03-31 10:03:20', '0', null), ('40', null, '3', 'AgreementAudit', null, null, '2016-03-31 13:54:52', '0', null), ('41', null, '3', 'agreementPaidConfirm', null, null, '2016-03-31 14:20:04', '0', null), ('42', null, '23', 'employeeAudit', null, null, '2016-04-03 13:58:07', '0', null), ('43', null, '22', 'employeeAudit', null, null, '2016-04-03 13:58:07', '0', null), ('44', null, '21', 'employeeAudit', null, null, '2016-04-03 13:58:07', '0', null), ('45', null, '20', 'employeeAudit', null, null, '2016-04-03 13:58:07', '0', null), ('46', null, '19', 'employeeAudit', null, null, '2016-04-03 13:58:07', '0', null), ('47', null, '17', 'employeeAudit', null, null, '2016-04-03 13:58:08', '0', null), ('48', null, '6', 'employeeAudit', null, null, '2016-04-03 13:58:08', '0', null), ('49', null, '5', 'employeeAudit', null, null, '2016-04-03 13:58:08', '0', null), ('50', null, '2', 'employeeAudit', null, null, '2016-04-03 13:58:08', '0', null), ('51', null, '3', 'employeeAudit', null, null, '2016-04-03 13:58:08', '0', null), ('52', null, '1', 'employeeAudit', null, null, '2016-04-03 13:58:17', '0', null), ('53', null, '3', 'deptMoveAuditRole', null, null, '2016-04-04 20:10:54', '0', null), ('54', null, '23', 'paymentAdjustment', null, null, '2016-04-08 14:19:34', '0', null), ('55', null, '22', 'paymentAdjustment', null, null, '2016-04-08 14:19:34', '0', null), ('56', null, '21', 'paymentAdjustment', null, null, '2016-04-08 14:19:34', '0', null), ('57', null, '20', 'paymentAdjustment', null, null, '2016-04-08 14:19:35', '0', null), ('58', null, '19', 'paymentAdjustment', null, null, '2016-04-08 14:19:35', '0', null), ('59', null, '17', 'paymentAdjustment', null, null, '2016-04-08 14:19:35', '0', null), ('60', null, '6', 'paymentAdjustment', null, null, '2016-04-08 14:19:36', '0', null), ('61', null, '5', 'paymentAdjustment', null, null, '2016-04-08 14:19:36', '0', null), ('62', null, '2', 'paymentAdjustment', null, null, '2016-04-08 14:19:36', '0', null), ('63', null, '3', 'paymentAdjustment', null, null, '2016-04-08 14:19:36', '0', null), ('64', null, '24', 'systemManage', null, null, '2016-04-11 08:58:34', '0', null), ('65', null, '24', 'paymentAdjustment', null, null, '2016-04-26 17:23:07', '0', null);
COMMIT;

-- ----------------------------
--  Table structure for `template_table`
-- ----------------------------
DROP TABLE IF EXISTS `template_table`;
CREATE TABLE `template_table` (
  `ID` int(11) NOT NULL AUTO_INCREMENT COMMENT '主键ID，生成策略，自动',
  `FIRST_INSERT` datetime NOT NULL COMMENT '记录创建时间',
  `LAST_MODIFIED` datetime DEFAULT NULL COMMENT '最后一次修改时间',
  `DELETED` int(1) NOT NULL DEFAULT '0' COMMENT '是否逻辑删除',
  `DELETE_TIME` datetime DEFAULT NULL COMMENT '逻辑删除时间',
  PRIMARY KEY (`ID`)
) ENGINE=InnoDB DEFAULT CHARSET=utf8;

SET FOREIGN_KEY_CHECKS = 1;
